id,user_id,title,content,create_time,update_time,main_category
1,3,感受秦皇岛的港口历史魅力,"《感受秦皇岛的港口历史魅力》

初夏的阳光温柔地洒在河北省秦皇岛市的海岸线上，这里不仅是一片美丽的海滨风光带，更是一个充满故事与文化的旅游胜地。作为一座历史悠久的城市，秦皇岛不仅仅是自然美景的展示窗口，更是中国港口发展史的一个重要见证者。

我们首先漫步在抚宁县的山海关老城区，那里古色古香的老建筑诉说着历史的沧桑变迁。古老的街道两旁，商铺林立，仿佛让人穿越回了数百年前的繁华景象。在这里，我们可以深入了解长城文化以及古代海上丝绸之路的重要节点之一——山海关的历史故事。

随后，我们乘坐观光巴士前往秦皇岛港，这里是近代中国最早对外开放的通商口岸之一，也是目前我国重要的现代化综合性港口之一。在码头上，我们可以近距离观察各式各样的船舶，感受现代港口繁忙的作业场景。",1742119721,1742372368,文化探索
2,51,如何玩转秦皇岛的日落美景,"《如何玩转秦皇岛的日落美景》

初夏的一天，我们一行人踏上了前往秦皇岛的旅程。这次旅行的目的不仅是为了欣赏这里的壮丽海景，更是为了寻找那个能让人久久驻足的日落时刻。秦皇岛，这座拥有着悠久历史和美丽海岸线的城市，等待着我们的是一场关于海洋与天空之间最温柔对话的盛宴。

抵达秦皇岛后，我们首先选择了北戴河新区作为日出日落观赏的最佳位置之一——联峰山公园。这里不仅风景秀丽，还有多个观景台可以俯瞰整个海面。傍晚时分，夕阳逐渐西下，金黄色的余晖洒满了整个海岸线，天空中泛起了层层叠叠的云霞。在这样一个时刻，我建议大家不妨登上山顶，找到一处视野开阔的地方坐下，闭上眼睛感受微风拂过耳畔，让身心完全放松。

除了观赏日落外，秦皇岛还有许多有趣的活动等待着你去探索。",1741573078,1741991853,海滨体验
3,29,感受秦皇岛的秦始皇东巡魅力,"《感受秦皇岛的秦始皇东巡魅力》

在炎炎夏日里，我们全家选择了一次特别的旅行——到河北省秦皇岛市探访古都遗迹。这次之旅不仅让我们感受到秦始皇的辉煌历史，更是一次文化与自然的完美融合。

一踏入山海关景区，映入眼帘的是高耸入云的长城和巍峨壮观的关隘，让人瞬间穿越回了那个充满英雄气概的时代。我们沿着蜿蜒的石阶缓缓而上，在古朴的建筑中穿行，仿佛可以听到历史的回响。站在望海楼前，眺望远方连绵不绝的大山与浩瀚无垠的大海交相辉映，不禁让人感叹大自然的鬼斧神工。

随后，我们前往了秦始皇行宫遗址公园，这里虽然经过修复和重建，但仍能感受到当年皇家园林的宏伟气派。园内有数不尽的文化展览，通过生动的历史场景再现了秦始皇东巡期间的生活点滴，让我们对这位中国历史上第一位皇帝有了更加深刻的理解。",1740648149,1740984115,文化探索
4,60,如何玩转秦皇岛的日落美景,"《如何玩转秦皇岛的日落美景——海滨体验》

当第一缕晨光逐渐隐去，秦皇岛便迎来了它一天中最迷人的时刻。在这个充满海风与阳光的地方，日落成为了一个不可错过的美好时光。

傍晚时分，我们一行人前往位于北戴河的鸽子窝公园，这里被誉为观赏日落的最佳地点之一。登上观景台，只见远处的海天一色，蔚蓝与金黄交织，太阳仿佛被大海轻轻托起，在即将沉入地平线的最后一刻洒下最后一抹余晖。

在享受着美景的同时，孩子们可以在沙滩上尽情玩耍，堆沙堡、捡贝壳，或者是在海边放风筝。而大人们则可以选择漫步在海滨长廊，感受海风拂面的惬意。偶尔还可以遇到当地人举办的各种小型音乐节或文化活动，现场的乐队演奏和手工艺展示为这个宁静的傍晚增添了几分热闹。",1741603935,1741682290,海滨体验
5,12,如何玩转秦皇岛的海上运动,"《如何玩转秦皇岛的海上运动》

初夏时节，我们一家决定逃离城市的喧嚣，驱车来到了秦皇岛——这个拥有丰富海岸资源的城市。在这里，不仅有美丽的海滨风光，还有丰富多彩的海上运动项目等待着我们的探索。

首先来到的是“老龙头景区”，这里是万里长城东端起点的遗迹所在地，也是观赏海边日出和夕阳落海最佳地点之一。站在高高的平台上，远眺大海，碧波万顷，鸥鸟翱翔，让人感到心旷神怡。

接着是北戴河区，这里有中国最著名的海滩之一——黄金海岸。这里的沙质细腻洁白，水清见底，适合游泳、冲浪和沙滩排球等户外运动。尤其是下午时分，海风轻拂，带着一丝凉爽，让人感觉特别惬意。孩子们在海边嬉戏打闹，欢声笑语不断。

最令人兴奋的是尝试海上摩托艇，这是一种速度与激情并存的体验项目。",1741990422,1742313666,海滨体验
6,40,秦皇岛必去的鸽子窝公园景点,"《秦皇岛必去的鸽子窝公园景点》

初夏时节，我踏上了一段寻找自然之美的旅程，这次的目的地是位于河北秦皇岛的鸽子窝公园。这里不仅风景如画，更是家庭游客不容错过的好地方。

一踏入鸽子窝公园的大门，清新的空气迎面而来，耳边传来阵阵海风和浪花拍打岩石的声音，仿佛在欢迎每一位到访的朋友。沿着蜿蜒的小径前行，两旁是郁郁葱葱的树木和五彩斑斓的花朵，鸟语花香，令人心旷神怡。

鸽子窝公园最吸引人的莫过于那片金色沙滩和无垠的大海了。孩子们在这里尽情奔跑嬉戏，享受着阳光与海水带来的快乐；家长则可以带着孩子一起搭建沙堡、捡拾贝壳，或是漫步在海岸边，感受海浪轻轻拍打着脚下的感觉。对于喜欢探险的家庭来说，在海边寻找各种小生物也是别有一番趣味。

除了海滩上的活动外，鸽子窝公园内还设有多条步行道供游客们欣赏沿途的美景。",1740376832,1740747874,景点推荐
7,92,秦皇岛夏日乐趣避暑攻略,"《秦皇岛夏日乐趣避暑攻略》

炎炎夏日，秦皇岛成为了众多家庭游客的心仪之选。这里不仅风景如画，气候宜人，还拥有丰富的娱乐项目，使全家人都能度过一个凉爽惬意的假期。

一踏入北戴河海滩，便仿佛置身于一片清新的绿洲之中。蔚蓝的大海与洁白的沙滩交相辉映，让人瞬间忘却都市的喧嚣。孩子们在沙滩上尽情堆沙堡、挖贝壳；父母则可以沿着海岸线散步或是在海边享受日光浴。夜晚时分，海滩边还会举行露天电影放映活动，将一天的疲惫洗去。

除了海滩，秦皇岛还有众多值得一探究竟的地方。北戴河动物园里住着各种可爱的动物们，它们在郁郁葱葱的环境中自由自在地生活。亲子互动区更是充满乐趣，小朋友们可以亲手喂食、抚摸动物，与自然亲密接触；此外，在野生动物救助中心还能了解到更多关于保护野生动物的知识。",1741945486,1742044050,避暑胜地
8,84,秦皇岛必吃的扇贝烧烤美食,"《秦皇岛必吃的扇贝烧烤美食》

夏日的微风轻抚着海面，带来一抹清凉。我们一家三口选择在秦皇岛这个海滨城市享受了一次难忘的家庭游。这里的美景与美食同样令人惊叹。

来到北戴河新区的海边，首先映入眼帘的是那片绵延的沙滩和一排排整齐的烧烤摊位。在这里，扇贝成为了最受欢迎的食物之一。摊主们将新鲜捕捞上来的扇贝清洗干净后，用特制的炭火烤至外皮微焦，内里鲜嫩多汁。再配上特调的酱料，吃起来那叫一个鲜美。我们全家人都赞不绝口。

不仅如此，烧烤区旁边还有一座小型的儿童乐园，孩子们在这里尽情地玩耍，释放着童年的活力与欢乐。远处是蔚蓝的大海和金色的沙滩，让我们感受到了大自然的魅力。傍晚时分，夕阳将天边染成了橘红色，我们在海边漫步，享受着温暖的海风，感受着大海带来的宁静与美好。",1740330025,1740531808,美食攻略
9,73,秦皇岛夏日乐趣避暑攻略,"《秦皇岛夏日乐趣避暑攻略》

初夏时节，当热浪席卷而来，秦皇岛却成了一个理想的度假圣地。这里不仅有着迷人的海滩风光，还有着丰富的文化体验，让全家人都能享受到清凉的乐趣。

首先，让我们走进鸽子窝公园。这里是远离城市喧嚣的一片净土。园内的松树林郁郁葱葱，夏日的微风轻拂，带来阵阵凉意。在沙滩上赤脚漫步，感受细软的沙粒，孩子们可以尽情地堆沙堡、打水仗。而夕阳下的鸽子窝海滩更是美不胜收，海浪轻轻拍打着岸边，与家人一起追逐日落的余晖，这样的画面无疑是夏日最美好的记忆。

紧接着，沿着海岸线向北行进，便是具有百年历史的老龙头长城了。这里是明代万里长城的起点，站在城墙上，你可以俯瞰壮丽的大海，感受古今交融的魅力。",1742306295,1742667322,避暑胜地
10,92,记录秦皇岛的海滨漫步,"《记录秦皇岛的海滨漫步》

初夏的清晨，阳光正好，微风不燥。我们一家三口来到了位于河北省东北部的秦皇岛市，开启了这次难忘的海滨之旅。

来到海边的第一站是北戴河海滩，一望无际的蓝天与碧海相接，海面上波光粼粼，让人心旷神怡。我们租了一辆沙滩车，在细软的沙地上尽情驰骋，感受着大自然带来的乐趣。孩子们更是兴奋地在海边追逐嬉戏，笑声传遍了整个海滩。

午后时分，我们在鸽子窝公园中漫步。这里有一片茂密的松树林，郁郁葱葱，是观鸟和摄影爱好者的好去处。我们沿着林间小道散步，不时有可爱的小鸟从身边掠过，还有几只鸽子悠闲地在草地上觅食。

傍晚时分，我们来到了秦皇岛老龙头景区。这里不仅景色优美，而且历史悠久。站在龙尾城墙上向远处眺望，可以看到连绵起伏的山峦和一望无际的大海相映成趣。夕阳的余晖洒落在海面上，金光闪闪，美不胜收。",1741452975,1741846751,旅行日记
11,96,秦皇岛海上运动海滨攻略,"《秦皇岛海上运动海滨攻略》

在金秋十月，我和家人一起踏上了一段难忘的旅程——来到了被誉为“东方夏威夷”的秦皇岛。这里不仅有着绵延不绝的金色沙滩，还有丰富的海上海上活动等待着我们去探索。

一到海边，最吸引我的是那片广阔无垠的大海，微风轻轻吹过，海浪拍打着沙滩，发出哗哗的声音。我们迫不及待地换上了泳装，在专业教练的带领下开始了海滩排球、足球和沙雕创作等有趣的活动。其中，我最喜欢的是体验冲浪板上的快感，站在冲浪板上随着海浪起伏前进的感觉，让人心旷神怡。

除了丰富的陆上海上游玩项目，秦皇岛还为游客准备了各种海上运动。在专业人士的指导下，我们尝试了帆船、摩托艇和潜水等充满挑战性的活动。尤其是在浮潜时，我看到了色彩斑斓的海底世界，五彩缤纷的珊瑚礁和活泼可爱的小鱼群，仿佛置身于一个梦幻般的水下王国。",1741359935,1741495585,海滨体验
12,41,如何玩转秦皇岛的海景摄影,"《如何玩转秦皇岛的海景摄影》

初夏时节，我们一行人踏上了秦皇岛这片古老而神奇的土地。在这里，你可以尽情地享受海滨风光，也可以拿起相机捕捉这份自然之美。这次的旅行，不仅让我们收获了满满的欢乐记忆，更是一次难忘的海景摄影之旅。

一进入北戴河新区，我们就被眼前的景象所震撼：碧蓝的大海与蔚蓝的天空交汇，海浪轻拍着金色的沙滩，远处的山峦若隐若现。我们首先来到了老虎石公园，在这个以奇石闻名的地方，巨大的礁石在海浪中屹立不倒，与蓝天白云相映成趣。我架好相机，调整焦距，将这壮观的一幕定格下来。

接下来，我们沿着海岸线继续前行。海面上的帆船和冲浪板构成了生动的画面，仿佛在诉说着一个个冒险故事。在这里，你可以尝试不同的拍摄角度，如从高处俯瞰大海与城市的交接之处，或是在日落时分捕捉天边那抹温柔的橙红。",1742507923,1742674516,海滨体验
13,33,秦皇岛的海景摄影海滨体验,"《秦皇岛的海景摄影海滨体验》

初夏时节，我们一行人踏上了前往秦皇岛的旅程。阳光正好，微风轻拂，这里不仅有美丽的海岸线，还有丰富的海滩活动，让这个假期充满乐趣与惊喜。

一踏入北戴河海滩，映入眼帘的是连绵不绝的金色沙滩和碧蓝的大海。我们在海边漫步，沙粒细腻柔软，脚下的每一步都留下了深深浅浅的足迹。海风轻拂过脸庞，带着丝丝咸味，令人心旷神怡。

摄影爱好者们迅速摆好姿势，调整相机角度，在这独特的海滨风光中寻找灵感。海浪拍打着礁石，仿佛在演奏一曲自然界的交响乐，而远处的帆船和游人则为这画面添上了生动的一笔。我们将这一幕定格下来，成为旅途中最珍贵的记忆之一。

午后时分，我们来到海边观景台，这里视野开阔，能够一览无余地欣赏海天一线的壮丽景色。夕阳西下，金色的阳光洒在波光粼粼的海面上，营造出梦幻般的效果。",1740594940,1740986408,海滨体验
14,19,带你游览秦皇岛的老龙头景区,"《带你游览秦皇岛的老龙头景区》

初春时节，我怀着激动的心情踏入了秦皇岛老龙头景区。这里是长城脚下的一片瑰宝，也是家人出游的理想之地。从城市驱车仅需30分钟的车程，就能感受到一种远离喧嚣的新鲜感。

一进入景区，迎面而来的是壮观的海天一色之景。站在观海台前，望着无边无际的大海和远处连绵起伏的山脉，心中的浮躁仿佛都被这壮丽景象洗涤干净了。在这里，孩子们可以尽情地奔跑玩耍，在沙滩上挖掘“宝藏”，或是堆砌属于他们自己的城堡。家长则可以选择沿着海边漫步，享受着微风拂面的惬意。

而最令人难忘的莫过于登上老龙头的城楼。这里不仅是明代长城的起点，也是全国保存最完整的沿海军事防御体系之一。站在城楼上向下望去，可以看到那蜿蜒曲折的长城如同一条巨龙般潜入海中，守护着这片土地和人民。历史在这里仿佛凝固了时间，让人不禁心生敬畏。",1742043018,1742357517,景点推荐
15,75,记录秦皇岛的亲子时光,"《记录秦皇岛的亲子时光》

初夏时节，我们全家决定到秦皇岛走一遭。这里不仅风景如画，而且是一个充满乐趣的家庭度假胜地。在这里，我记录下了与家人共度的美好时光。

抵达当天，我们就迫不及待地来到了鸽子窝公园。这个被誉为“中国最美八大海岸之一”的地方，以它独特的自然美景吸引着无数游客。沙滩细腻柔软，海风轻拂，孩子们在海边嬉戏玩耍，欢声笑语充满了整个海岸线。我们还尝试了沙雕制作，与孩子们一起堆砌出一个个生动有趣的沙雕作品，仿佛自己也变成了一个小小的艺术家。

接着，我们前往了老虎石公园。这里是家庭游客的绝佳去处，不仅有各种游乐设施，还有许多适合亲子互动的游戏项目。在欢乐谷中，我和孩子们一起体验了摩天轮、海盗船等娱乐项目，既刺激又有趣。特别是摩天轮，从高空俯瞰整个海边城市，景色如画，让人流连忘返。",1742744594,1743128833,旅行日记
16,66,秦皇岛沙滩玩耍亲子攻略,"《秦皇岛沙滩玩耍亲子攻略》

夏日炎炎，一场说走就走的旅行怎能少得了秦皇岛这座海滨城市。这里不仅有蓝天白云下绵延不绝的金色沙滩，还有丰富多彩的家庭游玩项目，让每一个亲子游都充满欢声笑语。

来到黄金海岸，首先映入眼帘的是那片辽阔无垠的沙滩和蔚蓝的大海。带上小铲子、沙桶以及色彩鲜艳的沙雕玩具，孩子们可以尽情在海边堆砌起属于自己的沙堡王国；而家长们则可以在不远处的椰林下享受一份凉爽，品尝着冰镇果汁或甜品，享受难得的悠闲时光。

别忘了租一艘帆船或皮划艇，在海浪中嬉戏追逐。当微风拂过脸庞，海面上的波光粼粼为这一天画上了完美的句号。傍晚时分，与家人一起漫步在沙滩上，感受着海风轻抚面颊的感觉，远处夕阳将天边染成了金红色，美不胜收。

夜幕降临后，不妨去听一听老街上的“渔家乐”音乐会。",1741436985,1741443578,家庭游玩
17,53,带你游览秦皇岛的渔岛风景区,"《带你游览秦皇岛的渔岛风景区》

初春时节，我们一行人踏上了去往秦皇岛渔岛风景区的旅程。这里不仅是亲子游的理想选择，更是与家人共享美好时光的最佳场所。

一进入景区，首先映入眼帘的是那片碧蓝的海水和绵延不绝的沙滩。漫步于细软如丝的沙粒间，孩子们兴奋地跑来跑去，与海浪嬉戏玩耍。不远处的浅水区里，成群结队的小鱼在游弋，仿佛是大海的孩子们，在享受着春天的温暖。

接着我们来到了渔岛的中心地带——观景台。站在这里，可以将整个渔岛的美景尽收眼底：远处的海天一色，近处的绿树红瓦，还有那不断涌动的海浪，构成了一幅壮丽的画面。游客们纷纷在此留影纪念，记录下这美好的一刻。

当然，除了自然风光外，渔岛还有许多有趣的活动等你来体验。",1742091024,1742310509,景点推荐
18,1,秦皇岛一日游：体验军事历史,"《秦皇岛一日游：体验军事历史》

今年的暑假，我和家人来到了位于河北省东北部的秦皇岛市。这里不仅风景秀丽，而且有着丰富的历史文化遗迹，尤其是对于喜欢军事历史的人来说，是一个不可多得的好去处。

我们首先来到的是北戴河的老虎石炮台遗址公园。这里是清朝光绪年间修建的一座防御工事，虽然历经风雨侵蚀，但其巍峨的气势依旧能让人感受到昔日的辉煌。我们在炮台遗址间穿行，感受着那股浓厚的历史氛围。特别是一些具有代表性的建筑和雕塑，仿佛将我们带回到了那个动荡的时代。

下午，我们又前往了山海关老龙头景区。作为中国万里长城东端起点的老龙头，不仅拥有悠久的历史背景，还融合了许多军事防御的功能。在这里，我们参观了敌台、月牙城等遗址，并且体验了攀爬长城的乐趣。站在城墙上俯瞰海面，不禁让人感慨万千：历史的沧桑与自然的壮丽在此刻交汇。",1742369059,1742617237,历史遗迹
19,14,秦皇岛渔岛风景区景点推荐,"《秦皇岛渔岛风景区景点推荐》

在夏日炎炎的午后，我们一行人驱车来到了秦皇岛的渔岛风景区。在这里，清新的海风与明媚的日光交织成一幅生动的画面，让人心旷神怡。

一进入景区，首先映入眼帘的是那片绵延不绝的金色沙滩。细软的沙子在脚下轻轻摩擦着，孩子们欢笑着奔跑其间，而家长们则或席地而坐享受片刻宁静，或是在椰林树影下乘凉休憩。远处海浪拍打着岸边，发出哗哗的声音，仿佛是大自然最动听的乐章。

沿着海岸线漫步，我们来到了海上牧场。这里可以体验到划船、海钓等项目，大人小孩都能找到自己喜欢的娱乐方式。其中，最吸引眼球的是那些色彩斑斓的人造鱼群雕塑，它们在水中自由游弋，与真实的海洋生物和谐共存，给游客带来不少惊喜。

随后，我们参观了渔岛生态园。",1741385703,1741744234,景点推荐
20,64,秦皇岛夏日乐趣避暑攻略,"《秦皇岛夏日乐趣避暑攻略》

盛夏七月，酷热难耐，寻找一处清凉之地，便成了无数人的心愿。此时的秦皇岛，正如同一张绿色的画卷，缓缓铺展开来，将你引领至一个充满凉爽与欢笑的世界。

清晨的第一缕阳光还未完全驱散夜的余寒，我便迫不及待地来到了北戴河海滩。柔软细腻的沙子在脚底轻轻揉搓，海浪轻拍着沙滩的声音如同天籁之音。赤足走在海边，清凉的海水触感仿佛能带走所有的烦恼与疲倦。带上泳镜和浮板，在浅水中嬉戏玩耍，或是静静躺在沙滩椅上享受阳光，让身心得到彻底放松。

午后时分，来到山海关老龙头公园，这里不仅有悠久的历史文化，更有令人赞叹的自然美景。漫步于绿树成荫的小径之间，呼吸着夹杂着草木清香的新鲜空气，耳畔是远处海浪的声音与鸟鸣相和，仿佛置身于一幅宁静而和谐的画面之中。",1742857414,1743191360,避暑胜地
21,15,如何玩转秦皇岛的海滨漫步,"《如何玩转秦皇岛的海滨漫步》

初夏时节，与家人一起踏上秦皇岛之旅，这里不仅有壮丽的海岸线，还有众多亲海体验项目，让全家人都能在这里找到属于自己的乐趣。作为中国四大避暑胜地之一，秦皇岛以其得天独厚的自然风光吸引着无数游客。

抵达酒店后，我们首先选择的是鸽子窝公园。这里的沙滩金黄细腻，波浪轻拍岸边，一派宁静祥和景象。孩子们在沙滩上尽情奔跑、堆沙堡，大人们则悠闲地散步或坐在海边聊天，享受着海风的温柔拂面。沿着海岸线漫步至老虎石公园，这里不仅有形态各异的礁石，还设有观景平台，站在高处眺望，辽阔的海面与天边仿佛连成一片。

午后时分，我们前往老龙头长城进行参观游览。虽然已是非旅游高峰期，但老龙头依然热闹非凡。",1740716698,1741110067,海滨体验
22,55,秦皇岛渔岛美景风光攻略,"《秦皇岛渔岛美景风光攻略》

初夏时节，我带着全家一起来到了秦皇岛渔岛。这里既有壮阔的大海，也有细腻的沙滩，是家庭游的好去处。

踏上渔岛的第一步，就是沿着海边的小路漫步。这里的海水清澈见底，偶尔可以看到水里游动的小鱼和珊瑚。孩子们兴奋地捡起贝壳，或是捉住从脚下溜走的小螃蟹，每一步都充满了探索的乐趣。我则坐在沙滩上，看着海浪轻轻拍打着岸边，耳边传来阵阵海鸥的叫声，那一刻仿佛时间静止了。

傍晚时分，我们来到了渔岛上的观景台。此时天边霞光映照在海面上，如同一片金色的海洋，美不胜收。孩子们兴奋地欢呼着，纷纷拿出手机记录下这美好瞬间。晚上，我们在沙滩上生起篝火，围坐在一起分享一天的经历，享受这份难得的家庭时光。

此外，渔岛还有丰富的水上活动等着我们去体验。滑翔伞、摩托艇……这些都让全家人都感受到了刺激与乐趣。",1740776457,1741008821,自然风光
23,13,秦皇岛的渔民文化历史,"《秦皇岛的渔民文化历史——一次文化的深度探索之旅》

在蔚蓝的大海拥抱之下，有着这样一座古老而充满魅力的城市——秦皇岛。它不仅拥有着壮观的海岸线，还承载着深厚的历史文化底蕴，特别是那独特的渔民文化。这是一次对于海洋文明与传统文化交融的独特体验，适合家庭游客一同前往。

我们首先漫步于乐岛海洋公园，这里是探索渔民文化的绝佳起点。一进入园区，仿佛穿越回了古老的渔村，海边渔网、风车和渔船模型让人仿佛置身于过去的生活场景中。孩子们可以亲自参与捕鱼游戏，了解传统捕鱼工具的使用方法；而成年人则可以在“渔文化博物馆”里，通过各种展品深入学习渔民生活的方方面面。

紧接着，我们前往北戴河新区，探访了当地著名的北戴河渔村。这里保留着许多原汁原味的渔家风貌，游客可以参与各种特色的体验项目，比如亲手制作海产品、品尝鲜美的海鲜大餐等。",1740737644,1740838733,文化探索
24,74,带你游览秦皇岛的北戴河海滨,"《带你游览秦皇岛的北戴河海滨》

暑假期间，我有幸与家人一同来到了有着“东方夏威夷”美誉的秦皇岛北戴河海滨。这里海风轻拂，沙滩细腻柔软，碧海蓝天交相辉映，令人心旷神怡。

我们首先去了鸽子窝公园，这里的景色十分迷人。鸽子窝公园是观赏日出的最佳地点之一，清晨，当第一缕阳光穿透云层，洒在海岸线上，金色的光芒与波光粼粼的大海相互交融，美不胜收。此外，这里还有许多雕塑和鸽舍，每到周末，成群结队的和平鸽就会飞来此地觅食，非常可爱。

沿着海岸线前行，我们来到了联峰山公园，这里有独特的岩石地貌、茂密的森林以及清澈见底的小溪。在山顶的观景台上，可以俯瞰整个海滨景色，感受大自然的魅力。这里还有专门为孩子们准备的攀爬设施和小动物观赏区，适合带孩子来的家庭游客。

晚上，我们漫步在海心公园，欣赏着绚丽的夜景。",1742572190,1742620692,景点推荐
25,89,如何品尝秦皇岛的当地小吃,"《如何品尝秦皇岛的当地小吃》

在北戴河的海边漫步，海风轻拂着脸庞。秦皇岛不仅以其壮丽的海岸线著称，更是一个充满美食诱惑的地方。作为家庭游客，我们特地前来寻找那些让人流连忘返的小吃，让舌尖上的旅行成为一段难忘的经历。

首先，不要错过的是老龙头附近的海鲜摊位。新鲜捕捞上岸的螃蟹、海螺和扇贝，经过简单烹饪，就能品尝到最纯粹的海洋味道。在这里，孩子们可以亲手挑选自己喜爱的海鲜，感受与大海亲密接触的乐趣。

接着是秦皇岛古城的一角，这里隐藏着一家家充满老北京风情的小吃店。炸灌肠、驴打滚这些传统小吃，用料扎实，制作工艺讲究，每一口都能感受到传统美食的魅力。家长们可以带着孩子品尝这些美味，共同探索传统文化的奥秘。

最不容错过的是北戴河新区的“老街”美食一条街。",1740409464,1740691093,美食攻略
26,52,带你游览秦皇岛的黄金海岸,"《带你游览秦皇岛的黄金海岸》

炎炎夏日，我们一家四口来到了位于河北省东部的海滨城市——秦皇岛。这里不仅有着长达125公里的黄金海岸线，还有着丰富的旅游资源和各种娱乐项目，是全家出游的理想之选。

我们首先来到了鸽子窝公园，这里被誉为“秦皇岛的肺叶”，四季景色各异。春天的鸽子窝公园满眼皆绿，生机盎然；夏天则是一片葱茏翠绿，海风拂面，令人心旷神怡。在这里，你可以漫步在海边的小路上，呼吸着清新的空气，欣赏碧海蓝天。

随后我们驱车来到了著名的黄金海岸景区，这里的沙滩细腻柔软，金色的沙粒踩上去软绵绵的，让人大有置身童话世界之感。我们沿着海岸线漫步，感受着海浪拍打在脚下的声音，孩子们兴奋地捡拾贝壳、追逐波浪，欢声笑语此起彼伏。

午餐过后，我们来到了具有悠久历史的北戴河联峰山公园，这里有郁郁葱葱的森林和五彩斑斓的鲜花。",1741556814,1741959069,景点推荐
27,94,带孩子去秦皇岛体验亲子露营,"《带孩子去秦皇岛体验亲子露营》

在这个炎炎夏日，我和家人选择了一次难忘的家庭旅行——秦皇岛亲子露营之旅。这次旅程不仅让我们远离了城市的喧嚣，更是一次亲子间的亲密交流。

一踏入秦皇岛，首先映入眼帘的是那碧蓝的天空和无垠的大海。我们在北戴河附近的一个小山坡上搭建起了帐篷。晚上，凉风习习，我们围坐在篝火旁，听着孩子们兴奋地讲述着一天的见闻，脸上洋溢着幸福的笑容。

第二天早上，我们前往了邻近的海滩。沙滩上的沙粒细腻柔软，海浪轻轻拍打着岸边。孩子们在海边尽情玩耍，收集五彩斑斓的小贝壳，追逐嬉笑的海鸥。我则在一旁静静地欣赏着这份宁静与美好，感受着海风拂面带来的清新空气。

午后，我们参加了海滩烧烤活动，在专业老师的指导下学习如何烤制美味的食物。孩子们负责挑菜、整理食材，虽然忙得满头大汗，但脸上充满了满足的笑容。",1742373610,1742537362,家庭游玩
28,30,秦皇岛山海关古道自驾游攻略,"《秦皇岛山海关古道自驾游攻略》

在这个初夏，我和家人一起踏上了秦皇岛山海关的自驾之旅。这是一次充满历史韵味与自然美景的探索旅程。

一踏入山海关古城，我们仿佛穿越到了几百年前。老城墙上的每一块砖石都诉说着过往的故事。在城墙上漫步，感受着海风带来的凉爽，眺望远处的渤海湾，心中不禁涌起一股豪情壮志。这里的每一步都充满了历史的厚重感。

第二天，我们沿着古道驱车前往角山风景区。沿途景色如画，绿树成荫，空气清新，令人心旷神怡。到了山顶，可以看到远处连绵起伏的山脉和蔚蓝的大海交织在一起，构成了一幅壮丽的画面。在这里，我们不仅能够欣赏到美景，还能体验刺激的索道滑行项目。

下午，我们在海边度过了愉快的一天。沙滩上孩子们尽情奔跑嬉戏，大人们在海边畅谈人生梦想。",1742671582,1743037874,自驾游攻略
29,28,探秘秦皇岛的港口历史文化,"《探秘秦皇岛的港口历史文化》

初夏时节，我和家人一起踏上了一段充满历史韵味的旅程——探访河北秦皇岛这座海滨城市。这里不仅有着壮丽的自然风光，还有着深厚的文化底蕴，等待我们去探索。

一踏入秦皇岛的历史长河，首站便是位于老龙头的“第一关”城楼。这里是明代长城的重要组成部分，也是中国唯一的一段滨海长城。站在古老的石阶上，仿佛能感受到历史的厚重和沧桑，让人心生敬畏。这里的海风、大海与城墙融为一体，让人不由自主地沉浸在这份宁静之中。

接着我们来到秦皇岛港，这里是亚洲最大的综合性港口之一，见证了这座城市从渔村到现代城市的转变。在码头边，游客可以近距离观察繁忙的船只进出，感受港口的历史变迁和蓬勃生机。此外，这里还设有专门的观景台，可以一览无余地欣赏海上的壮观景象。",1741249541,1741583528,文化探索
30,75,秦皇岛鸽子窝日出风光攻略,"《秦皇岛鸽子窝日出风光攻略》

清晨的第一缕阳光总是那么令人期待，尤其在秦皇岛的鸽子窝。这里不仅有着得天独厚的自然风光，还有着让人流连忘返的日出美景。如果你是一位热爱大自然、追求宁静与美好的家庭游客，不妨将鸽子窝作为你的第一站。

鸽子窝位于秦皇岛市东部，是观赏日出的理想之地。在这里，你不仅能见到壮丽的日出景象，还能感受海风的拂面和远处鸥鸟的低鸣。清晨，你可以选择在海边慢慢漫步，享受海浪拍打沙滩的声音，让心灵得以彻底放松。如果你计划得当，在观景台等待日出，那么早晨的第一缕阳光将为你揭开新的一天。

除了观赏自然风光，鸽子窝还提供了多种户外活动。你可以在海滩上嬉戏玩耍，或者进行一次轻松的徒步之旅，探索周围的自然景观。对于喜欢摄影的家庭游客来说，这里的美景也是不可多得的拍摄素材。",1742672743,1742944627,自然风光
31,13,秦皇岛一日游：体验军事历史,"《秦皇岛一日游：体验军事历史》

周末闲暇，我们选择了一日游——秦皇岛。这座城市不仅风景秀丽，还隐藏着丰富的历史遗迹，特别是与军事历史相关的景点。这一天，我们走进了“燕山之巅”，感受那股浓厚的历史气息。

首站是北戴河的鸽子窝公园。这里曾是清朝皇家夏日避暑行宫所在地，也是中国近代早期海军基地之一。漫步在绿树环绕的小径上，仿佛可以穿越回那个风云变幻的时代。在这里，我们参观了老海滩上的“小岛”，了解了其作为军事要塞的历史。

接下来，我们来到了北戴河海滨的老虎石公园，这里曾是重要的海军防务区，见证了中国海军的成长历程。站在海边，眺望远方，想象着百年前，英勇的将士们在这里守护国家的安全，心中不禁油然而生敬意。

最后，我们前往了位于秦皇岛市区东北部的北戴河新村。",1741370481,1741403115,历史遗迹
32,71,秦皇岛碣石山景点推荐,"《秦皇岛碣石山景点推荐》

初秋时节，我们一家四口踏上了秦皇岛之旅。在这座美丽的海滨城市中，最让人流连忘返的当属碣石山。这里不仅有壮丽的自然风光，还有丰富的历史人文景观，是全家出游的理想选择。

踏入碣石山景区，首先映入眼帘的是蜿蜒的小径和郁郁葱葱的植被。我们沿着栈道缓缓而行，沿途可以欣赏到奇峰异石、古木参天。特别是那著名的“观海亭”，站在亭中远眺，只见碧波万顷、帆影点点，令人心旷神怡。孩子们在山间嬉戏打闹，笑声清脆悦耳，仿佛是大自然最动听的乐章。

除了自然景观，碣石山还有着丰富的文化内涵。景区内有刻有曹操《观沧海》诗篇的石碑，以及许多与三国历史相关的雕塑。这些都让大人和孩子在游戏中学习，在游玩中感受历史的魅力。我们还参与了“亲子拓印”活动，用石头和颜料制作专属的纪念品，这份创意让整个旅程更加难忘。",1740985038,1741146697,景点推荐
33,11,秦皇岛沙滩玩耍亲子攻略,"《秦皇岛沙滩玩耍亲子攻略》

夏日炎炎，秦皇岛的海边成了我们全家度假的好去处。这里不仅有蓝天白云、碧海金沙，还有丰富多彩的家庭游玩项目，让大人孩子都能找到乐趣。

一踏入鸽子窝公园，映入眼帘的是绵延数公里的金色沙滩。我和孩子们迫不及待地换上泳装，光着脚丫在细软的沙粒中奔跑，沙粒温暖而细腻。我们沿着海岸线前行，不时捡拾到五彩斑斓的贝壳，每一片都是大海赠予的惊喜。

不远处便是黄金海岸浴场，清澈的海水如碧玉般诱人。我为孩子们选了一个安全的位置，他们兴奋地在浅水区嬉戏，还不时掀起小浪花互相泼洒。我也加入了他们的游戏，欢笑声中充满了亲子间的温馨互动。

午后，我们来到老龙头景区。这里有着悠久的历史文化遗迹，还有惊险刺激的摩天轮项目，让全家人都能尽享乐趣。",1740510768,1740897589,家庭游玩
34,87,秦皇岛北戴河路线自驾游攻略,"《秦皇岛北戴河路线自驾游攻略》

阳光微醺，海风轻拂。在蔚蓝的天空下，我与家人一起踏上了一段难忘的自驾之旅——穿越了秦皇岛的北戴河。这里不仅有美丽的海滩、丰富的户外活动，还有许多值得打卡的小吃和历史遗迹。

第一天：我们在金海岸沙滩踏浪
清晨，我们驱车前往北戴河第一站——金海岸沙滩。这里的沙质细腻柔软，海水清澈透明，是绝佳的游泳和日光浴地点。孩子们兴奋地在海边奔跑嬉戏，我和家人都在海水中尽情畅游，感受着夏日的热情与自由。

午间，我们在附近的餐馆品尝了当地特色的海鲜大餐，美味可口的烤鱼、虾饺和扇贝让我们赞不绝口。饭后漫步沙滩，享受着日落时分的宁静美丽，晚霞如画，美得让人心醉。

第二天：探访鸽子窝公园，探索山海间的故事
清晨醒来，我们驱车前往北戴河另一处著名景点——鸽子窝公园。",1742254951,1742309132,自驾游攻略
35,57,秦皇岛的亲子露营家庭游,"《秦皇岛的亲子露营家庭游》

在这个明媚的夏日午后，我和家人一同踏上了前往秦皇岛的旅程。这次的目的地是一场别开生面的家庭露营之旅——在金滩上过夜，体验与大自然亲密接触的乐趣。

抵达目的地后，我们首先选择了一块风景优美的空地安营扎寨。孩子们兴奋地在地上铺好毯子，围坐在篝火旁，听爸爸讲述着关于大海的故事。随着太阳逐渐西沉，晚风轻抚过耳畔，满天的繁星如同镶嵌在黑色幕布上的钻石，美不胜收。

夜深了，我们围坐在一起，享受着美味的烧烤和自制的水果沙拉。孩子们与小伙伴们分享着自己的趣事，笑声伴随着微风飘向远方，整个露营地洋溢着温馨和谐的气息。

清晨，当第一缕阳光洒在金色沙滩上时，我们起身前往海边进行早操活动，呼吸着清新湿润的空气。随后，在海滩上尽情地追逐嬉戏、捡拾贝壳、堆砌沙堡，享受着与家人在一起的美好时光。",1740794751,1740878235,家庭游玩
36,49,秦皇岛必吃的海胆炒饭美食,"《秦皇岛必吃的海胆炒饭美食》

在北方海滨城市秦皇岛的一次旅行中，我有幸品尝到了当地特色的海胆炒饭。这是一段充满惊喜与美味的旅程，不仅让我领略了秦皇岛的自然美景，还体验到了地道的海鲜风味。

一进入餐厅，就被浓浓的海洋气息包围着，木质装饰与海洋壁画相互交织，仿佛置身于海边的小屋中。我们点了一份招牌海胆炒饭，看着厨师熟练地将新鲜捕捞的海胆加入到金黄的米饭中，再撒上些许葱花，整个过程令人垂涎三尺。

当一盘香喷喷、色泽金黄、颗粒饱满的海胆炒饭端上桌时，香气扑鼻而来。轻轻夹起一口放入嘴中，外层松软而内里紧实的饭粒与Q弹爽滑的海胆完美结合，鲜美的味道在口中弥漫开来，让人回味无穷。

除了品尝美食之外，在秦皇岛还有许多值得一看的地方。",1741698283,1742053304,美食攻略
37,25,秦皇岛当地小吃美食攻略,"《秦皇岛当地小吃美食攻略》

夏日炎炎，秦皇岛以其独特的海滨风光吸引了众多游客。除了享受海风拂面的愉悦，这里的小吃更是让人流连忘返。作为一家之主，我可以为你准备一份详细的攻略，带你一起探索秦皇岛的美味世界。

来到北戴河，第一站不得不提的是山海关老街。这里不仅有着古朴的建筑和浓厚的历史气息，更有琳琅满目的小吃摊位。必试的“驴打滚”软糯香甜，豆沙馅儿的滋味让人回味无穷；还有那色香味俱全的老北京炸酱面，面条细滑，酱料浓郁，每一口都充满了家乡的味道。

紧接着，别忘了前往南戴河附近的渔村品尝当地海鲜。新鲜捕捞的海鱼、虾蟹等水产，搭配上当地的特色调料，烹饪出一道道原汁原味的美味佳肴。不妨尝试一下清蒸扇贝，鲜美可口；或是来一份炸蛎黄，外酥里嫩。

当然，在秦皇岛的美食之旅怎能少了夜市的热闹？",1741174315,1741279486,美食攻略
38,2,秦皇岛科普活动亲子攻略,"《秦皇岛科普活动亲子攻略》

初秋时节，一场充满知识与乐趣的旅行在秦皇岛悄然展开。作为父母，我们带着孩子走进了这座海滨城市的怀抱，一起探索自然与科学的魅力。

来到北戴河野生动物园，这里不仅是动物们的天堂，也是孩子们学习生物多样性的绝佳场所。我们漫步于各种主题馆中，观看了海豚表演、黑熊爬树等一系列精彩的活动，孩子们目不转睛地观看，小脸上洋溢着好奇和兴奋的笑容。通过互动式的科普讲解，孩子们不仅增长了见识，也增强了环保意识。

随后的地质博物馆之旅同样令人难忘。在这里，我们跟随专业讲师的脚步，深入了解地球演变的历史与奥秘。在有趣的化石展示区，孩子们亲手触摸了几亿年前的古生物遗骸，感受到了时间的漫长与生命的奇迹。这种近距离接触科学的机会，让孩子们对大自然产生了更加深厚的兴趣。",1741180602,1741412010,家庭游玩
39,36,感受秦皇岛的港口历史魅力,"《感受秦皇岛的港口历史魅力——一场文化探索之旅》

初到秦皇岛，映入眼帘的是蔚蓝的大海与连绵的山丘，仿佛一走进这座城市就能听到历史的回响。这次旅行不仅是一场视觉盛宴，更是一次文化探索之旅。

漫步在老港区，我们首先来到了北戴河火车站旧址，那是一座充满年代感的小站台。虽然如今已不再是列车始发地，但它见证了秦皇岛的百年变迁，每一砖一瓦都诉说着过去的故事。站在站台上眺望远方，一种穿越时空的感觉油然而生。

紧接着，我们前往了避暑山庄，这里不仅是国内现存最大的古典园林之一，也是研究清代宫廷文化的重要场所。园内湖光山色交相辉映，亭台楼阁错落有致，漫步其中，仿佛置身于一幅精美的画卷中。孩子们在这里可以尽情奔跑玩耍，感受大自然的美妙；家长们则可以在安静的角落里享受片刻宁静。

最后，别忘了探访老龙头长城。",1741320143,1741704443,文化探索
40,47,秦皇岛必吃的当地小吃美食,"《秦皇岛必吃的当地小吃美食》

金秋十月，我和家人决定去秦皇岛游玩，一到此地就被这里的美景深深吸引了。这里不仅有碧海蓝天的自然风光，还有数不胜数的小吃等着我们去品尝。

我们的第一站是北戴河区的山海关老街，这里是品尝地道海鲜的好地方。在一家有着百年历史的老店里，我们点了一份海鲜炒年糕和一份烤生蚝，鲜美的味道瞬间唤醒了味蕾。尤其是那烤生蚝，外皮微焦，内里鲜嫩多汁，配上店家自制的蒜蓉酱，更是让人欲罢不能。

随后我们又去了秦皇山景区附近的美食街，在这里品尝到了秦皇岛特色小吃——炸灌肠和驴肉火烧。炸灌肠是用猪小肠包裹着各种配料油炸而成，外酥里嫩，香而不腻；驴肉火烧则选用了上好的新鲜驴肉，经过精细切片后包进烙得恰到好处的饼中，一口咬下，满口生香。

最后我们还去了昌黎县品尝当地的板栗和山楂糕。",1742398429,1742632384,美食攻略
41,87,我的秦皇岛海滨漫步之旅,"《我的秦皇岛海滨漫步之旅》

初夏时节，我们全家来到了河北省秦皇岛市。这里以壮丽的海岸风光闻名遐迩，是夏日避暑的最佳选择。

一踏入北戴河景区，首先映入眼帘的是金色的沙滩与蔚蓝的大海。阳光洒在细腻柔软的沙粒上，反射出耀眼的光芒。我们赤脚漫步于海边，感受着海水轻轻拂过脚丫的感觉，那一刻，所有的烦恼都烟消云散了。

沿着海岸线向前走，不远处就是闻名遐迩的南戴河海滨浴场。这里水质清澈，波澜不兴，适合全家共同戏水游玩。沙滩上的各种游乐设施也应有尽有，有滑沙板、水上摩托车等等，大人小孩都能找到乐趣所在。我们还尝试了海钓，虽然没有捕获大鱼，但那种与自然亲密接触的感觉却令人难以忘怀。

傍晚时分，我们来到了鸽子窝公园观日落。这里不仅景色优美，而且有着丰富的文化内涵。在夕阳的余晖下，整个海天连成一片，美得让人心醉。",1740663794,1740928846,旅行日记
42,48,感受秦皇岛的民俗风情魅力,"《感受秦皇岛的民俗风情魅力》

初见秦皇岛，便被其海景壮丽、人文荟萃所震撼。作为一次家庭出游，我们不仅领略了这里的自然风光，更深入了解了秦皇岛深厚的文化底蕴与独特的民俗风情。

旅程的第一站是北戴河老龙头景区，这里被誉为“万里长城的起点”。漫步在蜿蜒的长城上，一边可以欣赏海天一色的美景，另一边则能感受到浓厚的历史文化气息。我们在海边捡拾贝壳，和孩子们一起放风筝，欢声笑语中尽享亲子时光。

随后我们来到了山海关老街，这里汇聚了众多传统手工艺品和当地美食。在热闹非凡的老街上，品尝到各种地道的小吃，如美味的炸糕、香脆的烤肠等，孩子们更是兴奋不已。每一家店铺都充满了浓厚的文化气息，无论是精美的泥塑还是传统的剪纸，都能让人感受到秦皇岛独特的民俗风情。",1741459342,1741764841,文化探索
43,32,秦皇岛沿途美景自驾游攻略,"《秦皇岛沿途美景自驾游攻略》

夏日炎炎，不妨带上家人一同开启一场别开生面的自驾之旅。此次我们选择了距离北京不远的秦皇岛作为目的地，这里不仅有壮美的海岸风光，还有丰富的旅游活动等你来探索。

抵达秦皇岛后，首站便是鸽子窝公园。这里紧邻海岸线，可以近距离接触海风和大海。孩子们可以在沙滩上尽情玩耍，大人则可以沿着海边散步、拍照留念。我们还参加了公园内的风筝放飞体验，看着各式各样的风筝在蓝天白云下翱翔，心情格外愉快。

接着驱车前往北戴河，在这里可以选择乘坐缆车上山，俯瞰整个海岸线的美景。山顶的观景台提供了绝佳的视野，远眺群山环抱下的碧海蓝天，让人心旷神怡。下山后，可以去海滨浴场享受海水浴，或是尝试一下沙滩排球、水上摩托等刺激项目。

结束了一天的海边活动，我们前往北戴河新区的黄金海岸酒店入住。",1742249231,1742433905,自驾游攻略
44,65,秦皇岛的亲子露营家庭游,"《秦皇岛的亲子露营家庭游》

在这个金秋十月，我们一家人决定来一次说走就走的旅行——去秦皇岛享受一场充满欢笑与温馨的亲子露营之旅。阳光明媚的清晨，我们驱车前往了位于北戴河海滨的一处露营地。

一踏入露营地，孩子们兴奋地奔跑着，寻找属于自己的“小天地”。露营地设有专门的儿童游乐区，滑梯、秋千和沙池应有尽有，让孩子们尽情释放天性。家长们则可以选择轻松散步或是在海边悠闲地聊聊天，享受难得的家庭时光。

午餐后，我们全家一起参加了营地组织的一场海滩清洁活动。大家戴上手套，拿起垃圾袋，沿着海岸线捡拾垃圾，既锻炼了身体也保护了环境。活动中不仅有专业人士为我们讲解环保知识，孩子们在参与的过程中也学会了珍惜自然、保护生态的重要性。

下午时分，一场有趣的沙滩足球赛让我们全家都沸腾起来。随着裁判的一声哨响，比赛正式开始。",1742424128,1742483479,家庭游玩
45,92,秦皇岛一日游：体验天下第一关,"《秦皇岛一日游：体验天下第一关》

夏日的一天，我们全家驱车前往了位于河北省秦皇岛市的天下第一关。这里不仅有令人惊叹的历史遗迹，还能让孩子们在游玩中学习历史知识。

一进入景区，映入眼帘的是高大雄伟的长城，城墙上的砖块仿佛诉说着千年的故事。我们沿着蜿蜒的石阶缓缓而上，每一步都似乎踏着历史的足迹。登上烽火台，居高临下，眼前的壮丽景色让人心旷神怡。

除了壮观的长城，这里还有许多值得探索的历史遗迹。在“孟姜女庙”，我们了解了关于孟姜女哭倒长城的故事，这不仅是一个美丽传说，更让人感受到古人的智慧和情感世界。而在关城内，古老的炮台、箭楼、兵营等建筑仿佛将时间冻结，让人仿佛穿越回了那个烽火连天的年代。

午后，我们还在景区内的餐厅品尝到了当地特色的美食——海产品，新鲜美味，令人回味无穷。",1740737023,1740875002,历史遗迹
46,30,如何品尝秦皇岛的螃蟹盛宴,"《如何品尝秦皇岛的螃蟹盛宴》

初秋时节，微风轻拂，海浪轻轻拍打着岸边。在这个收获满满的季节里，我们一行人来到了被誉为“东方夏威夷”的秦皇岛，寻找着属于这片土地的美味宝藏——螃蟹。

第一站，我们选择了坐落于黄金海岸线上的北戴河海鲜市场。这里汇聚了来自大海深处的新鲜食材，其中最让人垂涎三尺的当属肥美的大闸蟹和梭子蟹。新鲜捕捞上来的螃蟹个头饱满，壳体坚硬，一进门就能闻到那特有的鲜香气息。

在市场里，我们遇到了一位经验丰富的本地厨师。他耐心地给我们介绍如何挑选新鲜的螃蟹：蟹身要硬，腹部有白霜；而且最好选择活蹦乱跳的，这样的螃蟹肉质更紧实鲜美。随后，在他的指导下，我们将一些精选螃蟹带回家中。

回到家后，我们遵循当地传统做法，将螃蟹简单处理之后上锅蒸煮。",1742254548,1742642581,美食攻略
47,34,记录秦皇岛的美食之旅,"《记录秦皇岛的美食之旅》

在初夏的温柔里，我和家人踏上了一趟充满惊喜的秦皇岛美食之旅。这次旅行的目的不仅仅是为了游玩，更是为了体验这座城市独有的美食文化。

我们首先来到了北戴河新区，这里的海鲜市场令人眼花缭乱，新鲜的海螺、大虾和鱼儿摆满了摊位。在一家当地的小吃店，我们尝试了香辣可口的烤生蚝，每一颗都充满海洋的鲜味；还有美味诱人的铁板鱿鱼，外焦里嫩，让人回味无穷。

午餐时分，我们在一家名叫“老街坊”的餐馆品尝到了秦皇岛传统的海鲜炖豆腐，汤汁浓郁而清香，豆腐滑软而不失韧性。这道菜不仅味道美妙，而且营养丰富，非常适合家庭共同享用。

午后我们来到了山海关区的街头小吃一条街，这里的小吃种类繁多，从经典的炸酱面到鲜美的烧烤，再到香甜的冰糖葫芦，每一样都是那么诱人。尤其是那烤生蚝和韭菜盒子，每次一提到就让人垂涎欲滴。",1740387398,1740636941,旅行日记
48,41,秦皇岛必去的老龙头景区景点,"《秦皇岛必去的老龙头景区景点》

初春时节，我们一家三口来到了河北省秦皇岛市的著名旅游景点——老龙头。这里不仅是历史文化的见证者，更是自然风光与人文景观的完美结合。一踏入这片古老而神秘的土地，仿佛穿越回了那段波澜壮阔的历史。

老龙头景区位于渤海之滨，是长城的重要组成部分之一。我们首先参观的是“南海第一关”，它见证了古代海上丝绸之路的辉煌。这里不仅有保存完好的城楼和箭楼，还有讲述着历史故事的雕塑群，让人在欣赏美景的同时也能感受到浓厚的文化氛围。站在城楼上，海风轻拂，波涛汹涌的大海尽收眼底，令人心旷神怡。

随后，我们沿着海岸线散步至“老龙头长城”。这段长城依山傍水而建，景色十分壮丽。沿着蜿蜒的石阶拾级而上，可以近距离欣赏到古人的智慧与创造力。站在高处远眺，可以看到一片蔚蓝的大海，仿佛能听见海浪拍打岩石的声音。",1742116585,1742400634,景点推荐
49,73,秦皇岛一日游：体验古城风貌,"《秦皇岛一日游：体验古城风貌》

秋风轻拂，阳光温暖，我们一家选择了一日游来探索秦皇岛的历史与文化。此次行程，我们把重点放在了“山海关”，这座见证了无数风云变幻的城市要塞上。

首先映入眼帘的是那座雄伟的山海关城楼，它不仅是中国古代军事防御工程的重要组成部分，更承载着厚重的历史记忆。穿过城门，古色古香的街道和店铺映入眼帘，仿佛穿越了时空隧道，回到了那个金戈铁马的时代。在这里，我们体验了传统手工艺制作，亲手体验了制陶的乐趣；还品尝了当地特色的海鲜美食，鲜美无比。

最令人难忘的是参观了老龙头长城，这里的海天一色与蜿蜒的城墙交相辉映，构成了独特的风景线。站在古老的城墙上，可以尽情欣赏壮丽的自然风光和历史遗迹。当夕阳西下，远处的海面泛着金光，更添了几分诗情画意。",1740827533,1741054198,历史遗迹
50,35,秦皇岛动物园探秘亲子攻略,"《秦皇岛动物园探秘亲子攻略》

初春时节，微风习习，正是全家出行的好时机。今天，我们决定探访秦皇岛动物园，这里不仅是一个观赏野生动物的乐园，更是亲子互动的绝佳去处。

一踏入动物园，就仿佛进入了一个生动的自然世界。首先映入眼帘的是猴山，小猴子们活泼可爱，时而跳跃嬉戏，时而攀爬玩耍，孩子们兴奋地尖叫着、欢呼着，与小猴子近距离互动，体验到了大自然的乐趣。随后我们来到熊猫馆，黑白相间的国宝大熊猫悠闲自得，憨态可掬的样子让全家人都忍不住笑了出来。

除了观赏动物外，动物园里还设有各种科普教育活动，如知识讲座和喂食体验等，寓教于乐的方式不仅增长了孩子们的知识面，也让大人收获满满。此外，园区内还有专门为小朋友设计的游乐设施，比如旋转木马、碰碰车等项目，让家长和孩子可以在享受游戏的同时放松心情。",1741699883,1741810482,家庭游玩
51,60,秦皇岛的明代遗迹文化,"《秦皇岛的明代遗迹文化——一场穿越时空的文化之旅》

当晨光初照，我踏上了前往秦皇岛的旅程。这次的目的地不仅仅是体验这座美丽的海滨城市，更是为了探寻它的历史遗迹，感受那积淀了几百年的时光故事。

首先映入眼帘的是山海关，作为中国明长城的重要关隘之一，这里不仅有古朴雄伟的城楼，还有着丰富的历史文化内涵。在这里，你可以和家人一起登高远眺，欣赏壮丽的海景与城池交错的美景；或是走进箭楼、望柱等历史建筑中，感受当年战争的风云变幻，体验那紧张而激动人心的历史氛围。

随后我们前往了老龙头景区，这里的长城遗址是明代长城东部唯一的出海口。登上古老的石阶，仿佛能够穿越回那段烽火连天的历史时期，感受那份英勇无畏的精神。在这里，你可以漫步在古老的城墙下，感受海风拂面的惬意；或者沿着海边小道行走，倾听海浪拍打岸边的声音。",1742310850,1742705263,历史遗迹
52,86,秦皇岛必吃的海胆炒饭美食,"《秦皇岛必吃的海胆炒饭美食》

在秦皇岛，一提到美食，就不得不提那令人垂涎三尺的海胆炒饭。这片美丽的海滨城市不仅风景如画，还藏着让人回味无穷的地方。带上家人一起来一场说走就走的旅行，感受大海的气息与美味的诱惑吧！

我们的行程从北戴河新村开始。这里被誉为“东方夏威夷”，沙质细腻柔软，海水清澈见底，漫步沙滩上，脚下的沙粒轻轻摩挲着肌肤，海风拂过面颊，带来丝丝凉爽，让人忘却城市的喧嚣。

午餐时分，我们来到了一家名叫“海鲜小聚”的小店。店主热情地招待了我们，并推荐了一道招牌菜——海胆炒饭。这是一碗普通的黄灿灿的白米饭，加入了新鲜捕捞的本地海胆、火腿丁以及葱花，用特制的海鲜酱料翻炒而成。当那独特的鲜香从锅中飘出，香气扑鼻而来时，我们已经迫不及待地开动了。",1742043559,1742321313,美食攻略
53,32,秦皇岛凉爽体验避暑攻略,"《秦皇岛凉爽体验避暑攻略》

随着夏日的炎炎热浪逐渐退却，秦皇岛成了我们全家期待已久的避暑胜地。这里不仅拥有碧海蓝天、柔软沙滩，还有丰富多样的游玩项目，让人在享受自然之美的同时，还能轻松打发时间。

一踏入北戴河海滨，清新的海风迎面扑来，夹杂着海水特有的咸香味道，瞬间驱散了都市的闷热。我和家人首先来到了被誉为“中华第一关”的北戴河山海关景区，沿着蜿蜒曲折的长城漫步，不仅感受到历史的厚重，还能在清凉的山间微风中休憩片刻。

随后我们前往了鸽子窝公园，这里有大片郁郁葱葱的树林和五彩斑斓的花海，孩子们可以尽情奔跑、嬉戏。家长们则可以在绿荫下野餐，享受难得的家庭时光。傍晚时分，漫步至观澜园附近的沙滩上，迎着徐徐海风，欣赏壮丽的日落美景，别有一番风味。",1741572441,1741885311,避暑胜地
54,31,带孩子去秦皇岛体验海滨乐园,"《带孩子去秦皇岛体验海滨乐园》

初夏时节，我们一家决定从繁忙的城市生活中暂时抽离出来，来到秦皇岛这座海滨城市享受一番亲子时光。这里的自然风光和丰富的游玩项目让我们收获颇丰。

刚抵达，便被蔚蓝的天空、柔软细腻的沙滩所吸引。带着孩子漫步在金黄色的沙滩上，孩子们兴奋地奔跑着，追逐着海浪留下的水迹，时不时捡起几颗贝壳作为纪念。我们选择了一家环境优雅的家庭旅馆安顿下来，随后驱车前往第一山公园。

第一山公园风景独特、历史悠久，是体验秦皇岛海滨风情的理想之地。我们在导游的带领下，游览了钟声悠扬的龙庆寺，参观了雕刻精美的碑林，还在古色古香的茶楼品茗聊天。这里不仅有丰富的历史文化底蕴，还有儿童乐园和拓展训练区，我们在这里尽情释放活力、挑战自我。",1740950282,1741094332,家庭游玩
55,31,秦皇岛的碣石山风光自然风光,"《秦皇岛的碣石山风光自然风光》

初夏时节，我和家人踏上了一场难忘的旅程——秦皇岛的碣石山之旅。这里不仅有如画的美景，还有丰富的户外活动，让人流连忘返。

刚进入景区，映入眼帘的是绿意盎然的山谷和郁郁葱葱的树木。沿着蜿蜒的小径前行，不时可以看到各种野生花卉点缀其间，微风吹过，花香扑鼻，令人心旷神怡。我们还特地选择了一个清晨，雾气还未散去，山间若隐若现，仿佛置身仙境一般。

我们的第一站是观景台，这里可以俯瞰整个碣石山的美景。站在高处远眺，远处连绵起伏的山脉和近处的翠绿森林在眼前交织成一幅美丽的画卷。在这里我们还体验了登山的乐趣，一路欢声笑语，不仅锻炼了身体，更增进了家人之间的情感交流。

最让人难忘的是，在山顶附近有一片开阔地带，这里是野餐的好地方。",1740337916,1740393116,自然风光
56,13,带孩子去秦皇岛体验动物园探秘,"《带孩子去秦皇岛体验动物园探秘》

夏日炎炎，一家人想要找个地方消暑又寓教于乐？秦皇岛的海港之滨，有着一处神奇的地方——秦皇岛野生动物园。这里不仅环境优美，设施齐全，更是孩子们探索自然、亲近动物的最佳选择。

一踏入园区，映入眼帘的是精心设计的景观和成群结队的小动物们。首先来到的是非洲草原区，斑马悠然自得地啃着草料，鸵鸟昂首挺胸地漫步，不远处还有凶猛的狮子在懒洋洋地晒太阳。孩子们兴奋地跑来跑去，时不时还发出“哇”的惊叹声。

继续向前进，来到了北极熊馆，这里不仅有憨态可掬的北极熊，更有海豹、企鹅等极地动物。特别是喂食时间，工作人员会带着小朋友们亲手给这些可爱的动物喂食，那种互动体验让孩子们既新奇又兴奋。",1741972392,1742231572,家庭游玩
57,52,记录秦皇岛的自驾体验,"《记录秦皇岛的自驾体验》

初夏时节，我们一家踏上了去秦皇岛的自驾之旅。在蔚蓝的大海面前，孩子们兴奋地尖叫着，我和妻子则享受着清新的空气与自然的美好。

抵达的第一站是鸽子窝公园，这里是一片绿意盎然的海滨景区。蓝天白云下，金黄的沙滩上孩子们追逐嬉戏，大人们或漫步海边，或在沙地上建造城堡。我坐在沙滩椅上，望着远方波涛汹涌的大海，思绪飘远。在这里，我们不仅收获了亲子时光的快乐，还感受着秦皇岛独特的海洋文化。

接下来的一站是北戴河野生动物园。园内绿树成荫，鸟语花香，各种各样的动物们在广阔的草地上自由奔跑。孩子们兴致勃勃地参观了大熊猫、金丝猴等国宝级动物，不仅增长了知识，也体验到了人与自然和谐共处的美好。

晚餐我们选择了一家临海的餐厅，在享受海鲜美味的同时，远处的晚霞映射在波光粼粼的海面上，美不胜收。",1742855385,1743199220,旅行日记
58,31,我的秦皇岛海滨漫步之旅,"《我的秦皇岛海滨漫步之旅》

在这个初夏时节，我和家人一起踏上了一段难忘的旅程——探访中国北方的海滨城市——秦皇岛。那里不仅有着细软的沙滩、湛蓝的大海，还有着丰富的历史文化与自然景观，让人流连忘返。

抵达的第一站便是鸽子窝公园，这里是欣赏大海美景的最佳去处之一。清晨，我们在这里散步，感受着清新的空气和微凉的海风拂面而过。远处的群山倒映在碧蓝的海面上，仿佛一幅生动的水墨画。沙滩上，孩子们追逐嬉戏，欢声笑语充满了整个公园。傍晚时分，我们在海边观看了那壮丽的日落，天边的云彩被染成了橘红色，美得令人窒息。

接下来我们又去了北戴河野生动物园，里面动物种类繁多，还有精彩的海豚表演，让全家人看得津津有味。小朋友们兴奋地在动物乐园里跑来跑去，与各种可爱的小动物近距离接触，体验了一把人与自然和谐共处的美好时光。",1742247214,1742285629,旅行日记
59,63,秦皇岛必吃的当地小吃美食,"《秦皇岛必吃的当地小吃美食》

初夏时节，我们一家人决定逃离喧嚣的城市，前往被誉为“北方的海南”的秦皇岛。这里不仅有着辽阔的海岸线，还有着让人垂涎三尺的小吃美食。

我们的第一站是北戴河区的鸽子窝公园，蓝天白云下，海浪轻拍岸边，景色宜人。在这里品尝了一顿热乎乎的海鲜煎饼，薄如蝉翼的饼皮中包裹着新鲜捕捞上来的鱼肉、小虾和葱花，每一口都是大海的味道。

沿着海岸线继续前行，来到了著名的南戴河海滩。我们在一家有着百年历史的老字号——“老渔家”，品尝了当地的烧烤美食。一盘盘烤鱼、烤扇贝、烤鱿鱼……每一种都香气四溢，肉质鲜嫩多汁。这里的海鲜烧烤不仅种类繁多，而且价格公道，让人吃得心满意足。

离开海滩后，我们又来到了山海关区的关城市场，在这里品尝了秦皇岛特色小吃——山海关驴肉火烧和烤鱿鱼串。",1741523012,1741672018,美食攻略
60,92,秦皇岛一日游：体验天下第一关,"《秦皇岛一日游：体验天下第一关》

在阳光明媚的一天里，我们全家驱车来到秦皇岛，首先游览了“天下第一关”的山海关。这里不仅是一个著名的旅游景点，更是中国历史的重要见证。

刚一踏入山海关景区的大门，迎面而来的是雄伟的城楼和厚重的历史气息。我们先参观了明代修建的山海关老龙头长城，这里是明长城的东部起点。在导游的带领下，沿着蜿蜒的石阶而上，脚下是蔚蓝的大海，耳边是呼啸的海风。站在平台上，可以清晰地看到那座古老的城堡，仿佛能听到历史的回声。

最令人难忘的是游览了“天下第一关”城楼。这座城楼建于明朝嘉靖年间，历经风雨沧桑，依然屹立不倒。它的名字来源于“一夫当关，万夫莫开”的典故，象征着这里不仅是军事要塞，更是中华民族抵抗外侮的象征。",1742668872,1743065100,历史遗迹
61,66,秦皇岛夏日乐趣避暑攻略,"《秦皇岛夏日乐趣避暑攻略》

盛夏时节，酷暑难耐。此时，秦皇岛的海风却带着一丝丝凉意，仿佛是大自然赋予我们的天然空调。这里不仅有清澈碧蓝的大海，还有着丰富多彩的活动和美丽的风景，是全家出游的好去处。

在北戴河海滨，你可以尽情享受海滩的乐趣。这里的沙质细腻柔软，海水清澈见底，即使是在炎炎夏日，也能感受到阵阵凉爽。孩子们可以在这里堆沙堡、捉小螃蟹；大人则可以在海边漫步，感受海风的轻抚和浪花拍打的声音。傍晚时分，还可以观看日落，天边的云霞与大海交融，将整个天空染成了金红色。

而如果你对海洋生物感兴趣，不妨去参观海底世界水族馆。这里有各种各样的海洋生物，从五彩斑斓的热带鱼到令人惊叹的大白鲨，每一个生命都散发着独特的魅力。在这里，全家人都能收获满满的知识和乐趣。

当然，秦皇岛还有许多其他值得一游的地方。",1740371652,1740431906,避暑胜地
62,78,带你游览秦皇岛的老龙头景区,"《带你游览秦皇岛的老龙头景区》

初夏的阳光正好，我们一行人来到了位于河北省秦皇岛市北戴河区东部海岸边的老龙头景区。这里不仅是自然风光的宝库，更是充满历史韵味的文化遗址，是家庭游玩的理想去处。

一踏入老龙头景区，首先映入眼帘的是那壮观的大海与蓝天相接的画面，令人心旷神怡。沿着海岸线漫步，脚下的沙滩细腻柔软，不时能捡到五彩斑斓的贝壳，孩子们兴奋地在海边嬉戏玩耍，欢声笑语不断。

来到景点的核心——老龙头景区，这里不仅有保存完好的古建筑群，还有丰富的历史文化展览。走进“田横城”，仿佛穿越回了古代，感受到了那股浓厚的历史气息；而龙回头处则是观景的最佳位置，站在巨石之上，可以远眺大海的壮阔，感受海风拂面的凉爽。

除了欣赏美景、了解历史外，在这里还可以参与一些互动体验活动。",1742522353,1742644198,景点推荐
63,4,探秘秦皇岛的文化遗产历史,"《探秘秦皇岛的文化遗产历史》

随着夏日的第一缕阳光洒在秦皇岛的海面上，一场探索之旅便悄然开启。这里不仅有蓝天白云下的碧海银滩，更有充满故事与沧桑的历史遗迹等待着我们去探寻。

首站是北戴河联峰山，这里是国家4A级旅游景区，也是近代中国著名的避暑胜地之一。登上山顶，不仅可以俯瞰整个秦皇岛的美景，还能在山脚下参观清东陵博物馆。虽然距离较远，但乘坐景区提供的免费观光车十分便捷。在这里，我们仿佛穿越回清朝年间，感受着当年皇帝与王公贵族们的奢华生活。

接下来是老龙头长城，它位于北戴河区东北端的老龙头镇附近，被誉为“中华第一龙”，是我国明代长城的东部起点。虽然历经沧桑，但依然保存完好。登上城墙，脚下的石板路仿佛在诉说着昔日的故事。在这里，你不仅可以徒步行走，还能体验骑马等刺激项目。

当然，秦皇岛的历史遗迹远不止于此。",1741066687,1741257690,历史遗迹
64,92,秦皇岛停车指南自驾体验,"《秦皇岛停车指南自驾体验》

亲爱的家人朋友们，你们好！今天我想和大家分享一下我们的自驾之旅——秦皇岛之旅。这次旅行不仅是对我家人的考验，也是对自我驾车技能的锻炼。秦皇岛这个海滨城市，有着数不尽的美景与乐事，而找到一个合适的停车位置更是必不可少的一环。

首先来到的是北戴河新区。我们选择了一个叫作鸽子窝公园的地方作为临时停靠点，这里不仅环境优美，而且停车区域宽敞，不用担心会找不到车位或者车辆被刮擦。鸽子窝公园以沙滩闻名遐迩，在晴朗的日子里，可以看见一排排帆船在海面上航行，孩子们则尽情地在海边嬉戏玩耍。

接下来是老龙头景区，这里是北戴河的必游之地之一。然而，要找到适合的停车位却是一大难题。我建议大家可以提前在线预订泊车位或者使用一些停车导航软件来帮助规划路线和寻找合适的位置。",1740481926,1740597003,自驾游攻略
65,67,秦皇岛湿地观鸟风光攻略,"《秦皇岛湿地观鸟风光攻略》

初冬的晨光微露，我和家人踏上了前往秦皇岛的旅程。作为北方的一颗璀璨明珠，秦皇岛以其独特的自然风光吸引了无数旅游者。这里不仅有壮丽的海岸线和美丽的海滨城市风貌，还有着丰富多样的生物资源，特别是那些隐匿于湿地深处的美丽鸟类。

来到秦皇岛，我们首选的是秦皇岛湿地公园。这里是观鸟爱好者的天堂，也是家庭游客体验自然的好去处。一进入园区，一股清新湿润的气息便扑面而来，仿佛置身于大自然的心脏之中。这里的植被茂密，湖水清澈见底，为各种鸟类提供了绝佳的栖息地。

我们沿着蜿蜒的小径前行，在观鸟区找到了几处适合观赏的最佳位置。借助公园配备的各种观鸟设备，我不仅看到了平时难得一见的灰鹤、大雁等大型鸟类，还近距离观察到了麻雀、黄鹂等小型鸟类的生活习性。",1740693770,1740954427,自然风光
66,62,秦皇岛黄金海岸景点推荐,"《秦皇岛黄金海岸景点推荐》

在炎热的夏日里，秦皇岛的黄金海岸如同一抹清新凉意，为家人带来无限欢乐。这次旅行，我们全家不仅体验了丰富的水上娱乐项目，还感受到了海洋文化的魅力。

一踏入沙滩，柔软细腻的沙粒仿佛让人心旷神怡。孩子们兴奋地奔跑着，寻找贝壳和海螺；大人们则坐在遮阳伞下享受阳光，远处传来欢声笑语，一片和谐欢乐的景象。海滩上还有各种儿童游乐设施，比如沙雕区、攀爬架等，为小朋友们提供了尽情玩耍的空间。

当然，沙滩上的活动远不止于此。我们尝试了冲浪板和帆船，体验了一把海上冒险的乐趣。海风拂面，波涛拍岸，让人忍不住一次次下水挑战。此外，在黄金海岸的最南端有一座灯塔，作为旅游景点之一，登塔可以俯瞰整个海湾的壮丽景色。

夜幕降临后，我们又来到了附近的海鲜市场，品尝了最新鲜美味的海产品。",1742684691,1743011806,景点推荐
67,24,秦皇岛的游乐场欢乐家庭游,"《秦皇岛的游乐场欢乐家庭游》

初夏时节，我们一行人来到了位于河北省东北部的海滨城市——秦皇岛。这里不仅风景优美，更有着充满欢声笑语的游乐场，成为了亲子旅行的理想之地。

一走进秦皇岛儿童乐园，孩子们就被各式各样的游乐设施所吸引。高高的旋转木马在轻快的音乐中缓缓转动着，仿佛带领我们回到了童年时光；而那座高达数十米的大摆锤则让人体验了一把心跳加速的感觉。此外，还有色彩斑斓的碰碰车、刺激有趣的过山车以及各种小型的游乐项目，总有一款能满足孩子们的好奇心和探索欲。

而对于父母来说，在这里也能够找到不少放松身心的机会。露天咖啡厅里，轻柔的音乐伴着微风拂面而来，可以一边品尝美味饮品，一边观看孩子们尽情玩耍；或者在附近的海滩上漫步，享受海风带来的清凉，感受大自然的魅力。",1742617595,1742753717,家庭游玩
68,58,秦皇岛海景摄影海滨攻略,"《秦皇岛海景摄影海滨攻略》

初夏的阳光温柔地洒在北戴河的沙滩上，轻风拂过，仿佛能听见海浪与海岸间的呢喃。作为一个热爱自然与摄影的家庭游客，这次我们选择了秦皇岛作为我们的海边体验之旅。

一踏上海滩，便被那无边的蔚蓝所吸引，细软的沙子如棉花糖般在脚下轻轻弹起。孩子们兴奋地追逐着海浪，欢声笑语充满了整个海岸。大人则找了一块平坦的地方铺开野餐布，享受着夏日的闲适时光。

我们沿着海边漫步，寻找最佳的拍摄点。金黄色的沙滩与碧蓝的大海相互映衬，构成一幅壮丽的画面。当我们架起相机，捕捉下这些瞬间时，不仅记录下了美丽的风景，更留下了全家人的欢笑和幸福。

在傍晚时分，我们在一家临海的小餐馆品尝了当地特色海鲜大餐。新鲜的渔获搭配着地道的调味品，每一口都是大海的味道，令人回味无穷。",1742057898,1742306453,海滨体验
69,92,秦皇岛烤鱿鱼美食攻略,"《秦皇岛烤鱿鱼美食攻略》

初夏时节，我们一行人来到了被誉为“东方夏威夷”的海滨城市——秦皇岛。这里不仅风景如画，而且拥有着独特的烧烤文化，特别是那家在海边的小店，让我们的旅行增添了几分难忘的美味记忆。

一踏入这家名为“海浪鱿鱼吧”的小店，便被一股扑面而来的海鲜气息所包围。店内装饰简约而不失温馨，墙上挂着渔民出海捕鱼的场景画作，仿佛将我们带入了大海之中。这里的招牌菜——烤鱿鱼，令人印象深刻。鱿鱼经过精心挑选和烹饪，每一口都能品尝到海洋的味道，外焦里嫩、鲜美无比。

不仅如此，在这家店附近还有不少值得一游的地方。比如著名的北戴河鸽子窝公园，这里不仅有美丽的沙滩和海景，还能体验到丰富多彩的水上运动项目。傍晚时分，漫步在沙滩上，吹着海风，看着落日余晖洒满海面，那种宁静与惬意，让人仿佛忘却了都市的喧嚣。",1740634196,1740927422,美食攻略
70,63,秦皇岛海滨度假避暑攻略,"《秦皇岛海滨度假避暑攻略》

夏日炎炎，想要来一场清凉之旅吗？那就去秦皇岛吧！这里不仅有绵延不绝的海岸线，还有众多特色景点等待着您的探索。让我们一起走进这座美丽的城市，感受它独有的清凉与惬意。

从市区出发，沿着滨海大道驱车前行约半小时，您就会到达第一海滩。这里是秦皇岛最著名的避暑胜地之一，每年夏季都会迎来大批游客。海风轻拂，沙滩细腻柔软，碧蓝的海水波光粼粼，让人仿佛置身于世外桃源。您可以赤脚在沙滩上漫步，也可以带着家人一起玩沙、堆城堡。孩子们在这里追逐嬉戏，大人们则享受着海风带来的丝丝凉意。

除了海滩，您还可以前往老龙头景区感受历史的韵味。这里是明代长城的东起点，不仅可以观赏到壮观的长城遗址，还能欣赏到壮丽的海景。沿着石阶而上，一路上可以品尝当地的小吃和海鲜，为您的旅程增添一份别样的风味。",1740411628,1740838103,避暑胜地
71,86,秦皇岛必吃的海鲜市场美食,"《秦皇岛必吃的海鲜市场美食》

初冬时节，我带着家人一起去了位于秦皇岛南戴河海滨的一处著名的海鲜市场。这座市场不仅是一个购买海鲜的好去处，更是一场关于味蕾的奇妙之旅。

走进市场的大门，首先映入眼帘的是那琳琅满目的海鲜种类：新鲜的对虾、肥美的梭子蟹、色彩斑斓的扇贝以及各种颜色各异的小鱼小虾……每一种都让人垂涎欲滴。我们全家最感兴趣的当然是各式各样的海产品了。

在市场内部，各个摊位上的老板热情地向顾客推荐自家的特色菜品，并且会根据客人的口味和需求进行加工。我们尝试了现场制作的烤虾、蒸蟹、清炒海螺和海鲜粥等，每一道菜都让人回味无穷。特别是那道海鲜粥，米粒饱满软糯，搭配着各种鲜美的海鲜，吃起来既满足又健康。

除了品尝美食之外，在市场里还能参与一些有趣的活动。",1740894663,1741096059,美食攻略
72,87,秦皇岛的黄金海岸自然风光,"《秦皇岛的黄金海岸自然风光》

当清新的海风拂面而来，我们来到了中国北方海滨城市——秦皇岛。这里不仅有金色的沙滩，还有碧绿的海水，以及一望无际的大海。在这里，每一个角落都弥漫着大自然的魅力。

我们在黄金海岸漫步。这里是秦皇岛的一张名片，金黄色的沙粒细腻柔软，踩上去仿佛能带走心中的烦恼。我们沿着沙滩向前走，时而驻足观赏远处的海鸥翱翔于蓝天碧海之间；时而又追逐浪花，让海水轻柔地拍打在脚踝上。这里的阳光透过蔚蓝的天空洒下，使得金黄色的沙滩更显温暖。

午后，我们选择去到海边的一座礁石上，享受海风拂面的感觉。从礁石上看下去，可以看到水天相接处的一片深蓝色海域和远处的帆影点点。海浪轻轻拍打着岩石，发出舒缓的声音，仿佛是大自然最温柔的摇篮曲。

晚餐我们选在一家靠海的餐厅，品尝当地特色的海鲜大餐。",1741312414,1741361127,自然风光
73,41,秦皇岛海钓乐趣海滨攻略,"《秦皇岛海钓乐趣海滨攻略》

初冬时节，寒风不减景致之美。趁着周末，带上家人好友，来到河北省秦皇岛市的黄金海岸，开启一场充满欢笑与惊喜的海滨体验之旅。

一踏入这片沙滩，脚下的沙粒细软，仿佛踏上了柔软的绒毯。沿着金色的海岸线漫步，波光粼粼的大海在脚下延伸，远处的浪花轻轻拍打着礁石，发出潺潺悦耳的声音。孩子们兴奋地在海边嬉戏，欢笑声与海风交织成一曲美妙的乐章。

走不多远，就能看到一群游客在海边架设钓具，准备享受一场刺激的海钓之旅。海面上波澜壮阔，仿佛与天相连，而我们只需静静守候，等待鱼儿上钩。海钓不仅考验着钓鱼技巧，更是一场耐心与智慧的较量，成功时那份喜悦是其他任何活动都无法比拟的。

傍晚时分，太阳缓缓沉入海平面，将天空渲染成金黄色。在海边享用一顿海鲜大餐，那滋味简直太美妙了！",1741488707,1741784028,海滨体验
74,30,秦皇岛亲子露营亲子攻略,"《秦皇岛亲子露营亲子攻略》

初夏时节，我们一家四口踏上了前往秦皇岛的旅程。这次旅行的目的不仅是放松身心，更重要的是与孩子一同体验自然的乐趣。选择了一处安静又充满乐趣的亲子露营地，这里不仅有碧海蓝天，还有丰富的户外活动等待着我们。

一早出发，驱车几个小时后终于抵达了目的地——海滨公园旁的一片空地。这片营地绿树成荫，远处便是壮丽的大海。在搭好帐篷之后，我们开始了第一天的活动。孩子们兴奋不已，迫不及待地跑向海边。我跟孩子一起捡拾贝壳，教他们认识海洋生物，并分享着这些小生灵的故事。

午后，露营区组织了烧烤派对，邀请家长和孩子们共同参与。大家围坐在篝火旁，享受美味的食物，共享欢乐时光。晚上，一场露天电影放映会更是让孩子们欢呼雀跃。在星空下观看一部适合全家的动画片，成为了我们此行最难忘的记忆之一。",1740946233,1741318911,家庭游玩
75,14,如何玩转秦皇岛的沙滩露营,"《如何玩转秦皇岛的沙滩露营》

夏日炎炎，找一处清凉之地来一场说走就走的旅行吧！秦皇岛以其独特的海滨风光，成为众多家庭游客心中的理想度假地。这次我选择了一次难忘的沙滩露营之旅，让我们一起探索如何在这个美丽的城市度过一个美好的周末。

抵达秦皇岛后，我们直接驱车前往北戴河新区，这里是秦皇岛著名的海滩之一，也是露营的最佳地点。一踏入这片金色的沙滩，就仿佛步入了自然与宁静的怀抱。海风轻拂，微咸的空气中弥漫着自由的气息，让人瞬间放松心情。

白天，我们选择在海边享受日光浴或是潜水冲浪，孩子们则乐此不疲地在沙滩上堆沙堡、寻找贝壳。傍晚时分，围坐在篝火旁，分享旅行中的趣事与美食，那一刻仿佛所有烦恼都随风而去。夜幕降临后，星空璀璨夺目，一轮明月高悬于空中，海浪轻拍着沙滩，伴着虫鸣鸟叫，一切显得那么宁静美好。",1742501486,1742694825,海滨体验
76,20,探秘秦皇岛的天下第一关历史,"《探秘秦皇岛的天下第一关历史》

在初冬的暖阳下，我们一家踏上了前往秦皇岛的旅程。此行的目的地是被誉为“中国长城博物馆”的山海关。这里不仅有雄伟壮观的古长城遗址，还承载着深厚的历史文化。一踏入山海关景区的大门，就仿佛穿越了时空，回到了那个金戈铁马的年代。

天下第一关城楼巍峨耸立，气势磅礴。它不仅是明代边防的重要军事要塞，也是中国北方的一处重要门户。我们站在城楼上，俯瞰着四周景色，心中不禁涌起一股历史的沧桑感。城楼内设有历史文化展览馆，通过各种珍贵的历史文物和生动的场景还原，让我们更直观地了解了这段辉煌而又曲折的历史。

走出城楼，来到北关外长城脚下。这里保留了大量的古长城遗址，可以清晰地看到当年工匠们留下的精湛技艺。我们沿着蜿蜒起伏的城墙漫步，呼吸着清新的空气，感受着那份岁月沉淀下来的壮美。",1741811482,1741816944,历史遗迹
77,64,如何在秦皇岛度过一个夏日乐趣假期,"《如何在秦皇岛度过一个夏日乐趣假期》

炎炎夏日，去何处寻找清凉呢？秦皇岛——这座海滨城市无疑是最佳选择。这里不仅有着美丽的海岸线和丰富的海洋资源，还是我国著名的避暑胜地之一。

一进入秦皇岛，首先映入眼帘的便是碧海蓝天。在这里，你可以漫步在金黄色沙滩上，任由脚下的细沙温柔抚摸。海风轻拂，吹散了夏日的炎热，带来了丝丝凉意。孩子们在沙滩上追逐打闹，欢声笑语此起彼伏。

当然，除了海滩，秦皇岛还有许多值得探索的地方。比如北戴河，这里是著名的避暑胜地之一，拥有着迷人的海岸线和丰富的旅游资源。你可以在鸽子窝公园里与鸽子亲密接触；也可以乘坐缆车上山，在山顶俯瞰整个海边的美景，让人心旷神怡。

夜晚，你可以选择在海滩边散步，或者参加篝火晚会，感受当地特有的民俗风情。孩子们还可以观看露天电影，享受一场视觉盛宴。",1742076621,1742256642,避暑胜地
78,57,探秘秦皇岛的节庆活动文化,"《探秘秦皇岛的节庆活动文化》

初冬时节，我们一行人踏上了前往秦皇岛的旅程。这里不仅有美丽的海滨风光，还有丰富多彩的文化探索活动等待着我们的到来。

第一站是北戴河鸽子窝公园，这里不仅风景如画，还经常举办各种文化节庆活动。正值冬季，尽管天气已寒，但鸽子窝还是吸引了不少游客前来观赏。我们有幸参加了一次摄影节，与来自各地的摄影爱好者一起，在这片美丽的地方留下难忘的瞬间。

随后，我们来到了具有百年历史的秦皇岛老街，这里不仅保留了传统的建筑风格，还举办了非物质文化遗产展览。通过参观和体验当地的手工艺品制作过程，孩子们对传统文化有了更深的理解，并且亲手尝试了面塑、剪纸等艺术创作，玩得不亦乐乎。

晚上，我们在一家海鲜餐厅品尝了当地的特色美食。除了各式各样的海鲜外，这里还有许多用海产品制成的创意菜肴，令人垂涎欲滴。",1741008976,1741391916,文化探索
79,4,秦皇岛鸽子窝日出风光攻略,"《秦皇岛鸽子窝日出风光攻略》

清晨的第一缕阳光轻轻地拂过大地，我带着对壮丽景色的憧憬，来到了被誉为“秦皇岛之巅”的鸽子窝公园。这里不仅是一处绝佳的日出观赏地，更是一个适合全家人一起探索自然、享受亲子时光的好去处。

一踏入公园，便被那连绵起伏的山峦和郁郁葱葱的树木所吸引。沿着蜿蜒的小径一路前行，空气中弥漫着清新的味道，仿佛能洗净心灵上的尘埃。我们循着指示牌来到观日出的最佳位置——一块平坦开阔的空地，周围是高耸入云的松柏，让人顿感大自然的磅礴与神秘。

天边渐渐泛起了鱼肚白，太阳从东方的地平线上缓缓升起，将整个天空染成了金黄色。那一刻，所有的烦恼似乎都随着晨风飘散了，只留下满心的宁静和欢喜。孩子们兴奋地欢呼雀跃，在草地上追逐嬉戏；家长们则在欣赏美景的同时，也不忘用手机记录下这难得的画面。",1741594744,1741831367,自然风光
80,93,秦皇岛鸽子窝公园景点推荐,"《秦皇岛鸽子窝公园景点推荐》

在蔚蓝的海风中漫步，在阳光下享受一份宁静与美好，这样的日子定会让人心旷神怡。最近我有幸探访了位于河北省秦皇岛市的鸽子窝公园，这里不仅有迷人的海滨风光，还有适合家庭游客的多样活动。

一踏入鸽子窝公园的大门，便仿佛走进了一个世外桃源。蓝天白云下，几只海鸥在天空中自由翱翔；沙滩上，细腻洁白的沙粒与深蓝的大海交相辉映，美不胜收。最令人难忘的是，这里还有一片广阔的草地，铺满了五颜六色的小花，在阳光的照耀下格外耀眼。

鸽子窝公园不仅景色迷人，更是一个适合家庭游客的绝佳去处。在这里，孩子们可以尽情奔跑、玩耍；大人则可以选择坐在海边享受海风拂面的惬意时光。此外，公园内还设有儿童游乐区，各种有趣的设施让小朋友们爱不释手。最值得一提的是，鸽子窝还是观赏日出的最佳地点之一。",1742207641,1742418728,景点推荐
81,25,探秘秦皇岛的天下第一关历史,"《探秘秦皇岛的天下第一关历史》

在暑假的一天里，我和家人一起踏上了去秦皇岛探秘之旅。我们此行的目的地是秦皇岛的天下第一关长城，这座历史遗迹以其悠久的历史文化而闻名遐迩。

踏入景区后，迎面而来的是雄伟的城楼和古老的城墙。天下第一关位于山海关城南，自古以来就是中国的军事要塞之一。在导游的带领下，我们沿着蜿蜒曲折的步道拾级而上，每一步都仿佛踏上了历史的征程。沿途，我们可以看到许多保存完好的古代建筑，包括箭楼、敌台和烽火台等，无不让人感受到古代将士们的智慧与勇气。

最令我印象深刻的是城楼内的博物馆。里面陈列着大量关于长城修建的历史资料以及各种出土文物，生动地向我们展现了这段辉煌的历史。此外，景区还提供了多种互动体验项目，如亲手搭建小型城墙模型、观看烽火台的燃放演示等，这些都让孩子们对历史充满了兴趣。",1742373478,1742700072,历史遗迹
82,78,如何规划秦皇岛的山海关古道,"《如何规划秦皇岛的山海关古道——一场全家共享的文化之旅》

金秋十月，我们选择了一次特别的家庭旅行。目的地是位于河北省秦皇岛市的山海关古道，这里不仅有悠久的历史文化，还有迷人的自然风光，非常适合举家同行。

抵达山海关后，首站便是著名的“天下第一关”。登上城楼，仿佛穿越了时空隧道，感受着古代将士守卫边疆的艰辛与荣耀。从城楼上俯瞰，整个山海关古道展现在眼前，宏伟壮丽，令人心潮澎湃。

走下城楼，我们沿着古道一路前行，欣赏沿途的自然风光。秋风轻拂过古树，黄叶纷飞，给古老的街道披上了一层金黄色的外衣。孩子们在路边嬉戏打闹，欢声笑语回荡在这条古老的历史长廊中。

值得一提的是，在山海关还有一处非常有趣的活动——亲手体验制作冰糖葫芦。",1742656533,1742952431,自驾游攻略
83,12,秦皇岛的海上运动海滨体验,"《秦皇岛的海上运动海滨体验》

夏日的午后，阳光如金色的绸缎铺满大地。我和家人一起来到秦皇岛，这座被誉为“中国最具幸福感城市”的地方，开启一场难忘的海边之旅。

我们首先来到北戴河黄金海岸，这里沙细滩长，海水清澈碧蓝，是享受自然美景的最佳场所。沙滩上，孩子们在大人照看下尽情奔跑玩耍，欢声笑语不绝于耳。不远处，几位勇敢者正在尝试冲浪运动，他们驾着冲浪板，在海浪的拍打中与风共舞。

随后我们驱车前往七里海，体验了一把海上摩托艇项目。穿上救生衣，启动引擎，随着机器轰鸣声，摩托艇在海面上快速前行，眼前景色如画般飞速掠过，惊险刺激却又令人兴奋不已。对于追求刺激的家庭来说，这里无疑是一个好去处。

傍晚时分，我们漫步在海边的礁石上，欣赏夕阳西下的美景。此时的海水由深蓝渐变为金黄，与天边连成一片，美得让人心醉。",1741778765,1741869358,海滨体验
84,84,秦皇岛亲子时光旅行日记,"《秦皇岛亲子时光旅行日记》

周末的一天，我和孩子来到了美丽的海滨城市——秦皇岛。这里不仅风景如画，而且充满了适合家庭旅游的特色体验。

我们的第一站是北戴河，这里的沙子细软、海水清澈，孩子们兴奋地在沙滩上奔跑嬉戏，堆起一个个小沙堡。我们还一起沿着海岸线散步，在海风中感受着自然的魅力。海边的礁石上，几只海鸥悠闲地觅食，与家人一起静静观赏这难得的自然风光。

中午时分，我们在附近的海鲜市场品尝了当地的特色美食——烤鱼和海鲜粥。新鲜的食材、独特的风味，让人回味无穷。饭后我们前往鸽子窝公园，在这里我们可以看到壮观的日出景象，感受大自然的神奇。

下午，我们又来到了秦皇求仙岛景区，这里是体验水上活动的好地方。在专业教练的指导下，孩子们尝试了海上摩托艇和帆船等项目，享受着速度与激情带来的刺激。",1741273461,1741358734,旅行日记
85,82,带你游览秦皇岛的山海关古城,"《带你游览秦皇岛的山海关古城》

在春意盎然的季节里，我携家人踏上了一次难忘的旅程——探访位于秦皇岛市的山海关古城。这里不仅是明朝长城的重要关隘之一，也是中国四大名关之一，古朴与雄伟交织，历史与现代交融。

一踏入山海关景区的大门，映入眼帘的是气势磅礴的城楼和城墙，仿佛穿越回了数百年前的历史长河中。我们沿着蜿蜒曲折的青石板路前行，两旁是保存完好的古城建筑，每一砖每瓦都诉说着这座古城千年的故事。

最令人难忘的是登临天下第一关。站在山海关城楼上向远处眺望，碧海蓝天之下，连绵起伏的长城仿佛一条巨龙蜿蜒盘旋，气势磅礴。在这里，孩子们兴致勃勃地聆听导游生动讲述着“孟姜女哭倒长城”的传说故事，既增长了知识又增加了乐趣。",1741856470,1742246121,景点推荐
86,54,感受秦皇岛的渔民文化魅力,"《感受秦皇岛的渔民文化魅力》

在这个金秋十月，我和家人一起踏上了前往河北省秦皇岛市的旅程。这次旅行不仅仅是一次简单的观光游，更是一场对当地渔民文化的深度探索之旅。

一走进北戴河新区，我们就被这里浓厚的文化氛围所吸引。这里的渔民博物馆是了解秦皇岛渔民文化的起点。通过丰富的历史资料和实物展示，我们仿佛穿越回了那个渔民们日出而作、日落而息的年代。馆内不仅有渔船模型、渔具展示，还有一系列渔业生产生活的场景复原，生动地再现了渔民们的日常生活与工作场景。

在博物馆旁不远处就是著名的鸽子窝公园，这里不仅是观赏海景的好去处，更是体验渔民文化的重要场所之一。我们参与了当地的“海钓”活动，虽然初学者经验不足，但经过导游的耐心指导和帮助下，成功钓到了几条小鱼，感受着与海洋亲密接触的乐趣。",1741094075,1741127013,文化探索
87,66,秦皇岛的森林公园自然风光,"《秦皇岛的森林公园自然风光》

秋风送爽之际，我和家人一同踏上了秦皇岛之行。这里不仅有壮观的海岸线，还有让人流连忘返的森林公园，成为我们这次旅行的一大亮点。

一踏入森林公园的大门，首先映入眼帘的是郁郁葱葱、错落有致的树木和五彩斑斓的花朵，仿佛走进了一幅大自然的画卷中。这里没有都市的喧嚣与浮躁，只有清新的空气和宁静的气息。沿着蜿蜒的小径漫步，两旁是潺潺流水的溪流，不时可见几只小鸟跳跃着觅食，偶尔还能看到松鼠在树间穿梭。

森林公园内设有多个景点，我们特别推荐“绿野仙踪”探险园与“生态科普馆”。绿野仙踪探险园中设有多处户外探索项目，如攀岩、绳索桥等。孩子们可以在这里尽情释放天性，挑战自我；而生态科普馆则通过丰富的图文资料和互动设施，向游客展示森林生态系统的奥秘，增加了我们的知识面。",1740949811,1741216537,自然风光
88,99,秦皇岛海钓乐趣海滨攻略,"《秦皇岛海钓乐趣海滨攻略》

初夏的微风轻拂，我们一家四口踏上了前往秦皇岛的旅程。这个位于河北省东北部的城市，不仅以其壮丽的海岸线闻名，更是一个适合家庭休闲的好去处。这次旅行，我最难忘的就是我们在海边进行的一次海钓活动。

一踏入北戴河海滨，首先映入眼帘的是那绵延的金色沙滩和碧蓝的大海。我们沿着海滩散步，享受着清新的海风。走了一段路后，我们来到了渔具店租借了钓具，准备去尝试一下海钓的乐趣。

海钓并不复杂，但技巧却需要一些练习。在导游的带领下，我很快就掌握了基本的投竿和提线的方法。刚开始时，因为经验不足，常常是空手而归，但家人鼓励的声音总能让我重新找回信心。幸运的是，当太阳快要落山的时候，我们终于收获了我们的第一尾鱼——一条活泼的小鲈鱼。",1742736893,1743002555,海滨体验
89,100,秦皇岛的海滨度假体验,"《秦皇岛的海滨度假体验》

盛夏，我和家人选择了秦皇岛作为我们的度假目的地。这个被誉为“东方夏威夷”的海滨城市，给了我们一个难忘的避暑体验。

一踏入北戴河新区，蔚蓝的大海便映入眼帘。海风轻拂，带着一丝凉爽与咸味，吹散了夏日的炎热。我们先来到了鸽子窝公园，这里不仅风景优美，而且有着丰富的海洋生物展览，孩子们对这里的各种贝壳、鱼类都感到十分好奇，乐此不疲地探索着。

沿着海岸线漫步，我们会来到黄金海岸。这里的沙滩柔软细腻，海水清澈见底，是体验沙雕艺术和海浪冲刷的最佳去处。我们在沙滩上尽情玩耍，建设属于自己的“城堡”，感受阳光、海滩与海浪的完美融合，享受家庭间的温馨时光。

傍晚时分，我们来到了一片开阔的海边，那里有着壮观的日落景象。",1741845172,1742267946,避暑胜地
90,60,如何欣赏秦皇岛的碣石山风光,"《如何欣赏秦皇岛的碣石山风光》

初夏时节，我带着家人来到了秦皇岛。这座海滨城市不仅有壮丽的海岸线，还有一处值得我们细细品味的地方——碣石山。这里没有都市的喧嚣与繁华，却拥有着大自然最质朴的魅力。

走进景区的大门，首先映入眼帘的是郁郁葱葱的树木和蜿蜒起伏的小径，空气里弥漫着清新的草木香气，令人心旷神怡。沿途有潺潺流水相伴，还有各种不知名的鸟儿穿梭其间，偶尔还能看到几只小松鼠在树间跳跃，为这宁静的画面增添了几分生动。

我们沿着山势而上，途径多处观景台和休息区。其中一处名为“观石亭”的地方特别吸引人，这里的石头形状各异、千奇百怪，有的像巨龙腾飞、有的如仙女下凡……我与家人在亭中合影留念，记录下了这难得的美景。

登高望远，远处的山峦层叠，仿佛连绵不绝；近处，则是绿意盎然的松林和一汪清澈的小溪。",1742653221,1742675595,自然风光
91,75,秦皇岛一日游：体验古城风貌,"《秦皇岛一日游：体验古城风貌》

初春三月的一天，我们全家决定去秦皇岛走走。在阳光的照耀下，海风轻拂着脸颊，让我们更加期待这次的古城之行。

一进入老城区，映入眼帘的是古朴厚重的老墙与青石板路，仿佛穿越回了古代。首先来到的是望海楼公园，这里曾是明代长城的重要组成部分，现在则是供游人休息、赏景的好去处。登上望海楼，可以俯瞰整个秦皇岛港的壮丽景色。每当看到一列列巨轮进出港口，心中总涌起一股豪情。

接着我们沿着石板路漫步至山海关城墙脚下，这里作为万里长城东端起点而闻名遐迩。沿着台阶一步步往上攀登，虽然略显吃力，但每登上一级都能感受到历史的厚重与沧桑。站在城墙上放眼远眺，仿佛能看见当年将士们抵御外敌的身影。

午间，我们来到了关城内的望洋楼酒肆，品尝了一顿地道的东北菜。",1741045335,1741120645,历史遗迹
92,40,感受秦皇岛的秦始皇东巡魅力,"《感受秦皇岛的秦始皇东巡魅力》

今年春天，我们一家三口有幸游览了河北省秦皇岛市。这里不仅风景秀丽，还拥有丰富的历史文化遗产，其中最引人入胜的是与秦始皇有关的景点和传说。

一走进秦皇岛，我们就被一片翠绿的山林所包围，仿佛置身于一个静谧而神秘的世界。我们的第一站是北戴河，这是一个充满海洋气息的地方，但更令人感兴趣的是它背后的历史故事。在这里，我们可以漫步在秦行宫遗址上，想象当年那壮观的场景——秦始皇巡游至此，下令修建了这个行宫。尽管如今已难觅昔日辉煌，但残存的建筑和石碑依然诉说着那段辉煌的历史。

接着我们来到了著名的山海关景区。这里不仅有壮丽的长城和古老的关隘，还有许多与秦始皇相关的遗迹。我们在导游的带领下，了解了许多关于“一统六国”的故事，以及秦始皇如何在这一地区巩固他的统治。",1740785641,1740908826,文化探索
93,64,秦皇岛烤鱿鱼美食攻略,"《秦皇岛烤鱿鱼美食攻略》

初春的一个周末，我和家人一同踏上了一趟秦皇岛之旅。这座海滨城市不仅风景迷人，更是美食的天堂。在众多美味中，最让我们念念不忘的是秦皇岛特色的烤鱿鱼。

抵达秦皇岛的第一天晚上，我们选择了当地的特色街——“渔人码头”。这里夜晚灯光璀璨，街道两侧布满了各种小摊和餐馆。我们先是在一家名为“海之味”的小店品尝了这里的招牌烤鱿鱼。店内的烤鱿鱼色香味俱全：外皮金黄酥脆，内里则鲜嫩多汁，撒上一些特制的辣椒粉和孜然粉，风味十足。家人围坐一桌，享受着海鲜的鲜美与烧烤的魅力，每个人的脸上都洋溢着满足的笑容。

不仅如此，在秦皇岛还有许多值得打卡的景点，比如北戴河、鸽子窝公园等。我们沿着海岸线漫步，呼吸着清新的空气，欣赏着波澜壮阔的大海。",1741018535,1741407987,美食攻略
94,88,我的秦皇岛自驾体验之旅,"《我的秦皇岛自驾体验之旅》

驱车踏上这场与家人共度的美好旅程，我们选择了秦皇岛作为目的地。这是一座位于河北省东北部的海滨城市，拥有壮丽的海景和丰富的旅游资源，是家庭出游的理想之地。

第一站，我们来到北戴河新区的鸽子窝公园。这里以壮观的日出而闻名，晨曦中，金色的阳光洒在波光粼粼的大海上，美得让人心醉。公园内还有各种娱乐设施，如攀岩、沙滩排球等，孩子们在欢声笑语中尽情释放着活力。

接下来，我们前往北戴河野生动物园。这是一片与自然为邻的乐园，各种珍稀动物在这里自由地生活着。在专业讲解员的带领下，我和家人近距离观看了北极熊、黑猩猩等动物的生活习性，不仅增长了知识，也让心灵得到了极大的满足。

晚上，我们在一家有着海边风情的小餐馆享用晚餐。海风轻轻拂过脸庞，海鲜的鲜美滋味让人回味无穷。",1742113684,1742371190,旅行日记
95,1,秦皇岛自驾注意事项自驾游攻略,"《秦皇岛自驾游攻略：享受海滨风情的惬意之旅》

在这个金秋时节，我们选择了一次说走就走的旅行——秦皇岛。这里不仅风景如画，而且自驾游的方式让这次旅程变得轻松愉快。让我们一起来看看我们的旅途经历吧！

从城市出发，驱车前往北戴河区，沿途可以欣赏到碧海蓝天、松林苍翠。到达后，第一站就是鸽子窝公园。作为秦皇岛的地标性景点之一，这里不仅可以感受到浓郁的文化气息，还能在海边吹拂着和煦的海风，体验与大自然亲密接触的乐趣。

接着前往黄金海岸景区。这里的沙滩宽广且细腻，清澈见底的海水让人忍不住想要下水畅游一番。孩子们在这里尽情奔跑玩耍，留下欢乐的记忆；而大人则可以享受一下悠闲的海风浴或者参与一些水上运动，比如摩托艇、帆船等，感受刺激与激情。

当然，在旅途中我们还体验了北戴河野生动物园以及老龙头景区。",1741719125,1742095073,自驾游攻略
96,75,秦皇岛碣石山景点推荐,"《秦皇岛碣石山景点推荐》

初春的清晨，我们一行人踏上了前往秦皇岛碣石山的旅程。这是一次充满期待的家庭出游，不仅因为碣石山作为中国四大名山之一的历史底蕴，更因为它能够为我们提供一次亲近自然、放松心情的机会。

一踏入碣石山景区，便被这里的自然美景深深吸引。沿着蜿蜒的小径向上攀登，两侧是郁郁葱葱的树木和各式各样的花卉，阳光透过树梢洒落下来，如同为大自然披上了一层金色的纱衣。途中，我们还惊喜地发现了几处潺潺流水的瀑布，清澈见底，仿佛是山间最灵动的生命之歌。

抵达山顶后，站在高处眺望四周，秦皇岛市区尽收眼底，远处的海岸线在晨光中显得格外迷人。而脚下则是被绿树包围的宁静小径，沿着它继续前行，可以探索更多的秘密和惊喜。我们还参观了山上的古迹，了解了许多关于碣石山的历史故事，感受到了中国古代文化的博大精深。",1742110584,1742520420,景点推荐
97,100,探秘秦皇岛的渔民文化文化,"《探秘秦皇岛的渔民文化文化》

初秋时节，我和家人踏上了一段充满期待的文化之旅。这次的目的地是有着“东方夏威夷”美誉的秦皇岛。在这里，我们不仅感受到了海滨城市的浪漫风情，更深入体验了当地的渔民文化。

一踏入老码头景区，迎面而来的是一座古朴的木制观景台，仿佛穿越回了古代商船靠岸的年代。参观者们可以在此处驻足休憩，欣赏着碧海蓝天和远处的点点渔船。随后，我们跟随导游的脚步来到了渔民文化馆，馆内陈列着各式各样的渔具、传统工艺品以及捕捞工具，每一件展品都承载着渔民的生活智慧与艰辛劳作的记忆。

特别吸引我的是一个互动体验区，在这里可以亲手模拟捕鱼过程，感受到从海上搏击风浪到岸边卸货的不易。此外，还能品尝到地道的海鲜大餐，其中不乏用当地特色食材制作的独特佳肴，让人回味无穷。",1741324473,1741581436,文化探索
98,84,秦皇岛黄金海岸自驾游攻略,"《秦皇岛黄金海岸自驾游攻略》

在夏日的微风中，驱车驶向秦皇岛的黄金海岸，仿佛进入了一个充满阳光与海浪的世界。这里不仅有碧蓝的天空、清澈的海水，还有丰富多样的活动和美丽的海滩风光，是家庭出游的理想之地。

一踏入这片土地，首先映入眼帘的是绵延不绝的金色沙滩。在这里，可以尽情地赤脚走在软绵绵的沙子上，与家人一起建造城堡，嬉戏玩耍，体验海浪拍打身侧的快感。而孩子们更是能在此释放无限活力。

除了海滩活动之外，金海岸还拥有多个特色景点等待着你的探索。位于海边的鸽子窝公园就是一个不可错过的地方。在这里，不仅可以看到壮观的海洋景色，还能欣赏到五彩斑斓的沙滩排球比赛、精彩的海鸥表演和独特的风筝展览。傍晚时分，不妨选择一处临海观景台，与家人一起观赏日落时刻的壮丽景象，享受着一天中最宁静美好的时光。",1742812491,1743005262,自驾游攻略
99,14,如何欣赏秦皇岛的北戴河海景,"《如何欣赏秦皇岛的北戴河海景》

夏日炎炎，与家人一同踏上旅途。秦皇岛的北戴河以其独特的自然风光，成为了旅游者心中的胜地。今天，我想分享一下如何更好地欣赏这里的海景。

抵达北戴河的第一站是鸽子窝公园。这里不仅有广阔的沙滩，还有丰富的海洋生物。孩子们可以在这里尽情玩耍、堆沙堡，而成年人则可以在海边悠闲散步或享受日光浴。傍晚时分，海面上夕阳余晖与蓝天交相辉映，美不胜收。

除了观赏自然美景外，还可以选择参加一些水上活动。在东戴河沙滩附近，有很多提供冲浪板和潜水装备的租赁服务点。租上一套潜水设备，潜入海底世界，与五彩斑斓的热带鱼共舞，探索神秘的珊瑚礁，定会让你流连忘返。

当然，在北戴河游玩期间，别忘了品尝当地的海鲜美食。在一家靠海的小餐馆里，尝一尝刚捕捞上来的新鲜海螺、螃蟹和扇贝，味道绝对让你回味无穷。",1741387968,1741519245,自然风光
100,30,秦皇岛的海滨漫步海滨体验,"《秦皇岛的海滨漫步——海滨体验之旅》

初夏的阳光洒在了秦皇岛的沙滩上，我们一家人踏上了这次海滨体验之旅。清晨的第一缕阳光尚未完全照亮天际时，我们就迫不及待地启程出发了。

来到北戴河，我们首先选择了鸽子窝公园作为我们的第一站。站在海边，迎面而来的是海风带来的清新气息，远处的帆船和航标灯在晨雾中若隐若现。鸽子窝公园不仅风景宜人，还有着丰富的娱乐设施，孩子们可以在此尽情地玩耍，体验各种水上活动。

午后的阳光照得人有些心烦意乱，我们来到了附近的山海关古城游览。这里的每一块砖瓦都承载着历史的厚重与沧桑，仿佛在讲述着关于海防的故事。走在青石板铺就的路上，看着古朴的城门和城墙，感受着那份来自古老中国的韵味。

傍晚时分，我们乘坐游船出海，享受了壮观的日落景色。",1742826584,1742885655,海滨体验
101,60,秦皇岛的老龙头入海文化,"《秦皇岛的老龙头入海文化》

初夏的清晨，我们一行人踏上了前往秦皇岛老龙头的旅程。这座位于河北省秦皇岛市山海关区的小城，不仅是海上长城的重要组成部分，更是历史遗迹与自然美景交织的地方。

一踏入老龙头景区，迎面而来的是一种浓厚的文化气息。这里的城墙遗址被海水轻轻拍打着，仿佛在诉说着过去的故事。我们沿着蜿蜒的栈道缓缓前行，时而驻足凝视着那些历经沧桑的石刻、碑文，心中不禁涌起对历史文化的敬仰之情。

除了历史遗迹外，老龙头景区还设有多种适合家庭游客参与的活动。比如，在海边沙滩上搭建沙堡、寻找海洋生物或是尝试冲浪等。这些有趣的项目不仅让大人小孩都乐在其中，也让大家在游玩中感受到自然的魅力。

最令人难忘的是站在老龙头观海台上眺望远方。只见蔚蓝的大海上波光粼粼，与不远处的长城相映成趣。",1741703045,1742075058,历史遗迹
102,15,带你游览秦皇岛的山海关古城,"《带你游览秦皇岛的山海关古城》

当秋风轻拂，我带着家人走进了位于河北省秦皇岛市的山海关。这里不仅是中国长城的起点，也是历史文化与自然风光交融之地。对于爱好探索历史文化的家庭游客来说，这是一次不可多得的文化之旅。

首先，我们来到了举世闻名的关城。这座由砖石构筑而成的城市要塞，虽然历经数百年风雨洗礼，却依然坚固挺拔。站在山海关脚下仰望，那高耸入云的古城墙仿佛在诉说着过往的故事。我们沿着蜿蜒曲折的长城前行，在城墙上漫步，感受着那份穿越时空的历史厚重感。

随后，我们参观了老龙头景区，这里保留有明代的古建筑和遗迹，尤其是壮观的老龙头三关亭，让人大开眼界。在这里，孩子们可以亲手触摸历史，体验古人建造的智慧与艰辛。而站在海边眺望，碧海蓝天、金浪轻拍，令人心旷神怡。

傍晚时分，我们参加了山海关古城夜市活动。",1742573436,1742780947,景点推荐
103,70,感受秦皇岛的历史遗迹魅力,"《感受秦皇岛的历史遗迹魅力——文化探索之旅》

初到秦皇岛，仿佛步入了一个时光穿梭机。这里不仅拥有壮美的海岸线与浪漫的沙滩，还蕴藏着丰富的历史文化遗产。我们一行人踏上了为期三天的文化探索之旅，细细品味了这座城市独有的韵味。

首日，我们来到了北戴河区的联峰山。登上山顶的联峰山公园，眼前豁然开朗。满目苍翠中，一座座古色古香的建筑与郁郁葱葱的树木交相辉映，仿若一幅精致的水墨画。我们沿着蜿蜒的小径漫步，在历史长廊中穿梭。这里曾是北戴河别墅群之一，见证了民国时期的历史风云，如今已修复成集文化展示和休闲娱乐为一体的景区。游客不仅可以参观别墅内部展陈，还能在山间小道上呼吸清新的空气、聆听鸟鸣虫吟，感受那份宁静与自然之美。

次日，我们前往鸽子窝公园，在这里可以近距离接触海浪。",1740827349,1740924792,文化探索
104,19,我的秦皇岛海滨漫步之旅,"《我的秦皇岛海滨漫步之旅》

夏日的午后，我带着家人一起踏上了前往秦皇岛的旅程。这座位于北戴河东部沿海的城市，以其优美的海岸线和丰富的旅游资源闻名于世。这次旅行，我们不仅享受了海边的清新空气，还体验了各种适合家庭游玩的活动。

一踏入海滩，迎面而来的就是海风拂过的清爽气息，浪花轻拍着沙滩，发出悦耳的声音。孩子们兴奋地在海边奔跑、戏水，欢声笑语中充满了童真的快乐。我们沿着海岸线漫步，欣赏着蓝天白云下的碧海蓝天，拍照留念，留下了许多美好的回忆。

午后时分，我们在一家临海的餐厅享用了海鲜大餐。新鲜的虾蟹、鱼排、扇贝等海鲜都是从海边直送过来的，味道鲜美无比，令人回味无穷。饭后，我们还参观了北戴河海洋公园，里面不仅有各种海洋生物展览，还有精彩的水下表演，整个家庭都沉浸在欢乐的氛围中。",1741309018,1741347938,旅行日记
105,23,秦皇岛必吃的当地小吃美食,"《秦皇岛必吃的当地小吃美食》

夏日炎炎，一家大小踏上旅程，到北国海滨城市秦皇岛一探究竟。这里不仅风景宜人，还有许多让人垂涎三尺的小吃美食等待着我们。

出发前，妈妈特别嘱咐要品尝一下当地的烧烤美食。果然，在海阳镇的小吃街，各种海鲜串、羊排和羊肉串琳琅满目，香气四溢。坐在露天餐桌旁，一边享受清风徐来，一边品味肥美多汁的烤肉，真是既过瘾又清凉。

而说到秦皇岛的特色美食，不得不提的是当地独有的“山海关豆腐脑”。这是一碗用细嫩的豆花搭配特制甜酱、花生碎和芝麻酱制成的小吃。品尝时，软滑细腻的豆花配上浓郁的酱料，在口中瞬间化开，带来独特的口感体验。

当然，秦皇岛的海鲜也不容错过！在渔人码头附近的小摊上，你可以亲手选择新鲜的海鲜，然后交给店家进行简单烹饪。",1741684129,1741687550,美食攻略
106,50,我的秦皇岛美食之旅之旅,"《我的秦皇岛美食之旅》

去年十月，我和家人一起踏上了一场充满惊喜的秦皇岛美食之旅。这次旅行不仅让我们领略了这座海滨城市的美景，更是一次味蕾上的盛宴。

旅程的第一站是老龙头景区，这里作为万里长城的起点之一，有着浓厚的历史文化底蕴。漫步在古老的城墙上，我们不仅可以感受到历史的气息，还能偶尔闻到远处传来的海鲜味道。这让我对接下来的美食之旅充满了期待。

晚餐时分，我们在一家名为“渔家乐”的餐馆享受了一顿丰盛的海鲜大餐。桌上摆满了新鲜捕捞上来的海鱼、虾蟹以及各种贝类，令人目不暇接。每一道菜都由经验丰富的厨师精心烹制，不仅保留了食材原有的鲜美，还巧妙地融合了本地独特的调味方法。特别是那道烤生蚝，外焦里嫩，搭配特制的蒜蓉酱汁，让人回味无穷。

此外，秦皇岛还以其美味的小吃闻名遐迩。",1742209608,1742596140,旅行日记
107,42,如何在秦皇岛度过一个凉爽体验假期,"《如何在秦皇岛度过一个凉爽体验假期》

随着夏日炎炎的到来，寻找一片清幽之地成为许多人的心愿。今年夏天，我选择了一次特殊的旅程——在秦皇岛度过了一个令人难忘的清凉假期。

秦皇岛位于河北省东北部，是中国著名的避暑胜地之一。这里不仅有美丽的海滨风光，还有丰富的历史文化遗迹和各种户外活动，适合家庭游客共同体验。

清晨的第一缕阳光还未完全驱散海面的雾气时，我们就来到了北戴河沙滩。金黄色细腻的沙粒在脚下轻轻蠕动，细软如丝。海水清澈见底，海浪轻拍着海岸，带来一丝丝凉爽。在这里，全家人可以一起在海边嬉戏玩耍，或者漫步在海岸线上，感受微风拂面。

午后，我们前往北戴河海滨浴场西侧的鸽子窝公园游玩。公园内有一座小山丘，站在山顶俯瞰整个海滩，尽收眼底的是无边的海天一色和远处若隐若现的群山，让人流连忘返。",1741949302,1742017301,避暑胜地
108,55,秦皇岛的湿地观鸟自然风光,"《秦皇岛的湿地观鸟自然风光》

初夏时节，我与家人一同来到了河北省秦皇岛市。这次旅行的目的地是北戴河国家湿地公园，这里不仅环境优美，更是观鸟爱好者的天堂。

一踏入这片占地800多公顷的绿色天地，就能感受到大自然的气息扑面而来。公园内植被茂密，水系纵横，各种鸟类在这里自由飞翔、栖息。我们沿着栈道漫步前行，听着潺潺流水声和远处不时传来的鸟鸣声，仿佛进入了一个静谧而又生机勃勃的世界。

最吸引我们的当然是观鸟活动了。在工作人员的指引下，我们手持望远镜，仔细观察着水面上嬉戏的白鹭、天空中翱翔的苍鹰以及树丛间穿梭的斑鸠……每一种鸟类都有其独特的习性和姿态。通过这次近距离接触自然的机会，孩子们对各种鸟类产生了浓厚的兴趣。",1740417897,1740550468,自然风光
109,22,秦皇岛山海关古道自驾游攻略,"《秦皇岛山海关古道自驾游攻略》

阳光轻抚着海面，蔚蓝如画。这个周末，我们驾车来到了中国历史文化名城——秦皇岛，开启了一场穿越时空的自驾之旅。

一进入山海关古城，仿佛历史的气息扑面而来。在景区内，我们将车停靠在青砖黛瓦之间，沿着蜿蜒的古道缓缓前行。这是一条充满故事的小径，两侧是古老的建筑和石阶，每一步都踏着厚重的历史沉淀。我们跟随导游的脚步，穿过箭楼、东门城楼等重要历史遗迹，感受着这座“天下第一关”的雄伟与沧桑。

随后，我们来到了山海关老龙头景区，这里是明长城的东部终点站，也是万里长城唯一的一处临海地段。站在古色古香的城楼上，眺望远方波光粼粼的大海，心中不禁涌起一股豪迈之情。“不到老龙头，不算到秦皇岛”，这句话绝非虚言。

晚餐时间，我们选择了一家当地特色餐馆，品尝了美味的海鲜和特色小吃。",1742837623,1743054271,自驾游攻略
110,91,带你游览秦皇岛的山海关古城,"《带你游览秦皇岛的山海关古城》

夏日的一天，我和家人一起踏上了去秦皇岛的旅程。我们来到了山海关古城，这座历史悠久的城市像一位时光守护者，静静地诉说着过往的故事。

进入山海关城门，首先映入眼帘的是雄伟壮观的关隘。这里曾是明代重要的军事防御要地，城墙上镌刻着历史的印记。我们沿着古老的城墙漫步，感受到了古代边塞生活的艰苦与壮丽。

游览了古城之后，我们来到了老龙头景区。这里不仅有壮观的长城遗址，还有美丽的海滩。沙滩上的沙粒细腻柔软，海水清澈见底。孩子们在海边尽情玩耍，欢声笑语充满了整个海滩。大人则坐在凉亭中享受海风的轻抚，让心灵得到了放松。

午后，我们在山海关古城的街头巷尾品尝了当地的特色小吃。从香喷喷的烤生蚝到鲜美的海鲜粥，每一种美食都让人回味无穷。",1742337811,1742553081,景点推荐
111,89,秦皇岛避暑山庄避暑攻略,"《秦皇岛避暑山庄避暑攻略》

随着夏日的热浪渐渐逼近，寻找一处清凉之地成了许多人的迫切愿望。秦皇岛，这座位于中国北方海滨的城市，凭借其独特的地理位置与丰富的人文景观，成为了理想的避暑胜地。而其中的避暑山庄更是不可错过的地方。

走进景区，首先映入眼帘的是那郁郁葱葱的树木和错落有致的建筑群。这里是中国传统园林艺术的杰作之一，亭台楼阁、小桥流水，每一处都充满了古典之美。漫步于青石铺就的小径上，微风吹过，带着淡淡的花香与海的气息，让人心旷神怡。

在避暑山庄中，有许多适合家庭游客参与的活动。比如乘坐竹筏穿梭于碧波荡漾的人工湖面，或者是在绿树环绕的草坪上放风筝、踢足球，孩子们在这里能找到属于他们的快乐天地。此外，还有传统表演和手工艺品制作体验等丰富多彩的文化活动，让大人小孩都能找到乐趣。",1742083178,1742383538,避暑胜地
112,44,秦皇岛的避暑山庄体验,"《秦皇岛的避暑山庄体验》

初夏时节，我带着家人来到了被誉为“东方瑞士”的秦皇岛，特别是那座闻名遐迩的避暑山庄。这里不仅自然风光秀美，更是夏日里的一片清凉天地。

一踏入景区，就能感受到它与世无争的静谧。山脚下的松林间，凉风习习，空气清新，仿佛能洗去夏日的烦躁。我们先来到了著名的“五龙宫”，它是整个避暑山庄内最具代表性的建筑之一，古朴典雅，殿宇错落有致，每一处都透露着皇家园林的独特韵味。

穿过五龙宫，沿着蜿蜒的小路漫步至湖边，碧波荡漾、绿树成荫。我们租了一条小船，在湖面上悠闲地游弋。微风吹过，水面泛起层层涟漪，远处的山峦在湖水中若隐若现，如同一幅淡淡的水墨画。孩子们更是兴奋不已，不时划动手中的桨，激起一圈圈水花。

午后，我们在山庄内的茶室里品茗聊天，享受着这份难得的宁静与清凉。",1741833398,1741900920,避暑胜地
113,38,秦皇岛海滨乐园亲子攻略,"《秦皇岛海滨乐园亲子攻略》

在这个阳光明媚的日子里，我们一家三口踏上了一场特别的家庭旅行——秦皇岛之旅。这里不仅有绵延的海岸线，还有丰富多彩的游玩项目，让我们享受了一个难忘的家庭时光。

一到海边，首先映入眼帘的是金黄色的沙滩和蔚蓝的大海。孩子们兴奋地在沙滩上奔跑、堆沙堡，偶尔还能捡到一些漂亮的贝壳。我们沿着海岸线慢慢走着，呼吸着清新的空气，感受着海风拂面的惬意。

不远处就是著名的南戴河海洋公园，这里有专门为家庭游客设计的各种游乐设施和互动项目。其中，海洋馆里的海底世界让孩子们惊叹不已，各种海洋生物在水下灯照的映衬下显得格外生动有趣；而儿童水上游乐区则提供了一个清凉消暑的好去处，各式各样的滑梯、喷泉和造浪池让孩子和大人们都玩得不亦乐乎。

傍晚时分，我们乘坐了南戴河的夜游船。",1741020712,1741030746,家庭游玩
114,38,秦皇岛海风吹拂避暑攻略,"《秦皇岛海风吹拂避暑攻略》

夏日炎炎，寻找一处清凉之地成了许多人的愿望。位于河北省东北部的秦皇岛，凭借其得天独厚的地理位置，成为了一处不可多得的避暑胜地。这里不仅有湛蓝的天空和碧绿的大海交相辉映的自然风光，还有丰富的游玩项目等待着每一位家庭游客。

来到秦皇岛，首先不能错过的便是北戴河国家地质公园。这里的海岸线长达25公里，拥有细腻柔软的沙质海滩，漫步在金色沙滩上，感受海风轻拂，仿佛所有的炎热都随之消散了。此外，在这里还可以体验到丰富的户外活动，如沙滩排球、冲浪等，让全家人都能在海边尽情享受夏日的乐趣。

北戴河国家地质公园不远处便是鸽子窝公园。这座公园因园内有数十只野生海鸥而得名“鸽子窝”。这里是观赏日出和日落的绝佳地点之一。清晨的第一缕阳光与傍晚最后一抹余晖，洒在这片金色沙滩上，美不胜收。",1740635101,1740734883,避暑胜地
115,12,如何规划秦皇岛的沿途美景,"《如何规划秦皇岛的沿途美景》

当你在寻找一个充满海风气息的地方时，不妨考虑一下秦皇岛。这个拥有丰富历史文化和绝美海岸线的城市，是自驾游的理想选择。在这里，你可以与家人一起探索自然的奇迹和城市的魅力。

从市区出发向北，第一站我们来到南戴河。这片海滩以其细腻柔软的沙子著称，海水清澈见底，是游泳、日光浴的好去处。沿着海岸线继续前行，你会看到一片片绿色植被覆盖的小丘陵——黄金海岸。这里不仅可以散步，还能体验射箭、骑马等户外活动。

紧接着，我们向北驶向山海关。这不仅是中国著名的古战场遗址，也是万里长城的起点之一。站在城楼上远眺，可以将海与山交织成一幅美丽的画卷尽收眼底。漫步在古城中，感受那份历史沉淀下来的庄重与肃穆。

结束一天的探索后，在回程途中别忘了品尝一下当地特色的海鲜大餐。",1742179206,1742437299,自驾游攻略
116,70,我的秦皇岛海滨漫步之旅,"《我的秦皇岛海滨漫步之旅》

这个周末，我带着家人去了美丽的秦皇岛海滨。这次旅行不仅让我们全家度过了一个难忘的假日时光，也让我深深领略了秦皇岛的魅力。

早晨，当第一缕阳光洒在海面上时，我们就踏上旅程。我们首先来到了南戴河景区，这里被誉为“东方瑞士”。沙滩绵延数公里，金色的沙粒细腻柔软，踩上去有种说不出的舒适感。孩子们兴奋地追逐着退潮后留在沙滩上的小蟹和小鱼，而大人们则或躺或坐享受着海风拂面的惬意。

午后，我们来到了鸽子窝公园，这里不仅景色优美，还有不少有趣的活动。公园内郁郁葱葱的树木、形态各异的岩石以及精心设计的小景观，都让人流连忘返。午餐后，我们还参加了公园内的徒步活动，沿着蜿蜒曲折的小路漫步在绿树丛中，呼吸着清新的空气，感受大自然的美好。

傍晚时分，我们前往了北戴河新区，这里的海滩别有一番风味。",1742523481,1742820290,旅行日记
117,23,带孩子去秦皇岛体验亲子露营,"《带孩子去秦皇岛体验亲子露营》

这个暑假，我们一行人带着期待踏上了前往秦皇岛的旅程。作为北方的一颗璀璨明珠，秦皇岛以其美丽的海滩和丰富的户外活动吸引了无数家庭游客的目光。在这里，我和孩子们度过了一个难忘的亲子露营之旅。

一踏上这片神奇的土地，我们就被那片蔚蓝的大海所吸引。在沙滩上，我们选择了一块干净平坦的地方搭起了帐篷。夜幕降临，满天繁星如同镶嵌在黑色天鹅绒般的天空中，美得让人心醉。孩子们兴奋地围着篝火讲故事、唱歌，欢声笑语在海边回荡。

第二天清晨，我们沿着海岸线漫步，欣赏着金色的沙滩和清澈见底的海水。海滩上不仅有细腻的沙粒，还有各种各样的贝壳和海螺，这无疑是孩子们探索自然的好机会。午后时分，我们在教练的带领下进行了皮划艇体验，在海浪中感受速度与激情，享受亲子时光。",1742125307,1742507998,家庭游玩
118,86,探秘秦皇岛的秦始皇东巡文化,"《探秘秦皇岛的秦始皇东巡文化》

今年暑假，我和家人来到了中国北方的一颗璀璨明珠——秦皇岛。这里不仅是旅游胜地，更是承载着丰富历史文化的宝地。此次旅行最令人震撼的是我们对秦始皇东巡文化的探索之旅。

一踏入景区的大门，我仿佛穿越到了两千多年前的战国时期。只见石雕的兵马俑威武雄壮，在阳光下熠熠生辉。这些陶俑形态各异、栩栩如生，不仅让我们感受到了古代工匠高超的技艺，也让人对秦始皇的治国智慧肃然起敬。

随后我们参观了著名的北戴河海滨浴场，这里海岸线绵延，海水清澈见底，沙质细腻松软。海浪轻轻拍打着沙滩，孩子们在浅水区嬉戏玩耍，欢声笑语不断。大人则或席地而坐享受海风，或在岸边悠闲垂钓，感受着大自然的宁静美好。

最令人难忘的是下午参与的那场大型实景演出——《秦始皇东巡大典》。",1742767940,1742915958,文化探索
119,88,秦皇岛的游乐场欢乐家庭游,"《秦皇岛的游乐场欢乐家庭游》

阳光正好，微风不燥。这个周末我们全家一起去了位于河北省秦皇岛市郊的金海湖游乐场，享受了一次难忘的家庭旅行。

刚一进门，孩子们就兴奋地奔向了儿童乐园，那里有一个巨大的摩天轮，孩子们排队等候时忍不住数着转圈，似乎在期待着什么神奇的事情发生。当摩天轮缓缓启动后，我看见孩子们眼中闪烁的惊喜光芒，那一刻我觉得所有的等待都是值得的。

接着我们来到水上游乐区，那里有适合大人小孩玩的各种水上项目。孩子们跃入碧蓝的湖水中，欢声笑语此起彼伏。而我们则悠闲地坐在皮划艇上，在清澈见底的小溪中穿梭，享受着大自然的宁静与惬意。

午餐过后是全家人共同期待的精彩表演时间。一曲舞蹈《舞动青春》让全场气氛热烈起来，随后杂技、魔术等节目轮番登场，每个节目都让人眼前一亮。",1742766131,1742983248,家庭游玩
120,60,秦皇岛鸽子窝公园景点推荐,"《秦皇岛鸽子窝公园景点推荐》

金秋十月，我携家人一同探访了位于河北省秦皇岛市的鸽子窝公园。这是一片充满自然风光与人文历史相结合的地方，让人心旷神怡。

进入公园，首先映入眼帘的是那满眼的绿意盎然和一望无际的海景。沿着海边小径散步，可以感受到微风拂面、海浪轻拍岸边的声音，令人心情舒畅。这里的沙滩非常柔软细腻，是孩子们玩耍的理想之地。我们一家人沿着海岸线漫步，在沙滩上留下了一串串足迹。

来到鸽子窝公园的核心景点——观海亭，站在高处眺望远方的海天一色，海风夹杂着海盐味迎面扑来，令人顿感神清气爽。此时此刻，可以尽情地呼吸大海的味道，享受自然带来的愉悦和宁静。此外，在这里还可以欣赏到壮丽的日出日落景色，美不胜收。

除了美丽的自然风光，鸽子窝公园内还有丰富的娱乐设施供游客选择。",1740296896,1740374474,景点推荐
121,98,如何玩转秦皇岛的沙滩露营,"《如何玩转秦皇岛的沙滩露营》

在初夏的微风中，我们踏上了前往秦皇岛的旅程。这一次的目的地是海滨体验——秦皇岛的沙滩露营之旅。阳光与海浪交织出一幅浪漫画卷，等待着每一个家庭游客的到来。

到达海边的第一站，就是著名的老虎石公园。这里不仅有奇岩怪石、碧海蓝天，还有许多适合亲子互动的小游戏。孩子们可以在这里尽情探索自然之美，而家长也可以享受海滩漫步的乐趣。傍晚时分，我们选择在沙滩上支起帐篷，仰望星空，感受着海风轻拂带来的清凉。

露营的第二天清晨，我们沿着海岸线继续前行，前往老君顶风景区进行徒步活动。这里山势险峻、古木参天，是体验大自然之美的绝佳场所。沿途我们还能看到许多珍稀鸟类和植物，仿佛步入了一片神秘森林。午餐后，在山顶的一处平台露营，远眺海天一色的美景，别有一番风味。",1741988816,1742146036,海滨体验
122,92,我的秦皇岛自驾体验之旅,"《我的秦皇岛自驾体验之旅》

阳光明媚的一天，我和家人踏上了一段难忘的自驾旅程——前往美丽的海滨城市秦皇岛。这次旅行不仅让我们感受到了大自然的魅力，还加深了家人的感情。

我们第一站来到了北戴河，这里以海滩闻名遐迩。站在柔软细腻的沙滩上，我忍不住脱下鞋子赤脚踏在沙子里，那种温热的感觉仿佛能驱散冬日的寒意。孩子们兴奋地堆砌起一个个小城堡，还有的小朋友在海边抓螃蟹，欢笑声此起彼伏。

沿着海岸线继续前行，我们到达了鸽子窝公园。这里是拍摄日落的最佳地点之一。傍晚时分，夕阳如同燃烧的火球缓缓沉入海平线，将整个天空染成了橙红色，壮丽的景色令人赞叹不已。我们在海边野餐，一边品尝着美味的食物，一边欣赏着如画般的风景。

除了美丽的自然风光外，秦皇岛还有许多值得体验的文化活动。",1740925250,1740990927,旅行日记
123,100,秦皇岛海鲜大餐美食攻略,"《秦皇岛海鲜大餐美食攻略》

春暖花开之际，我带着一家老小来到了风光旖旎的海滨城市——秦皇岛。这里不仅有壮丽的海景，更有鲜美无比的海鲜盛宴等你来尝。这次旅行，我们专门研究了这里的美食攻略，收获满满。

在北戴河区的老街里，藏着一处不可多得的海鲜美味——“渔家乐”。一走进这家店，就能感受到浓浓的海边气息。老板热情地向我们推荐当地的特色菜：蒜蓉烤虾、椒盐蟹、清蒸海鲈鱼……这些海鲜都是当天现捕的，味道自然鲜美无比。

孩子们最喜欢的是这里的手工海鲜拼盘，新鲜的贝类、美丽的龙虾和色彩斑斓的热带鱼摆在一起，既好看又好吃。我们还尝试了当地特色的烤鱼，用炭火慢慢烤至外皮微焦、肉质鲜嫩，再配以特制酱料，让人回味无穷。

晚上，我们在海边的一家小酒吧品尝了当地著名的烧烤串串。海螺、鱿鱼、生蚝……各种海鲜串在竹签上，香气四溢。",1742482406,1742671949,美食攻略
124,56,带你游览秦皇岛的老龙头景区,"《带你游览秦皇岛的老龙头景区》

初春三月，我和家人一行人来到了位于河北秦皇岛的老龙头景区。这里不仅景色壮丽，而且充满了历史的厚重感，是体验自然美景与历史文化的好去处。

一踏入老龙头景区，首先映入眼帘的是那波澜壮阔的大海，蔚蓝深邃，浩瀚无垠。在海边漫步，清风拂面，海浪轻拍岸边，仿佛能听见大海诉说着岁月的故事。这里的海滩沙质细软，海水清澈见底，是家庭游客踏浪戏水的绝佳之地。

最令人称奇的是老龙头长城遗址，这里是明代万里长城的东起点，也是唯一临海的一段长城。登上这段长城，可以近距离感受那段雄伟的历史。走在城墙上，仿佛能听到古战场上的金戈铁马之声。远处的山峦连绵起伏，与海平面交汇处，景色尤为壮观。

老龙头景区内还有许多有趣的活动等待着游客们的探索。",1740356956,1740712111,景点推荐
125,29,秦皇岛一日游：体验老龙头入海,"《秦皇岛一日游：体验老龙头入海》

阳光初升的清晨，我们一家踏上了前往秦皇岛老龙头景区的旅程。这片位于河北省北部海滨的城市，不仅风景优美，更有丰富的历史遗迹等待着我们的探索。

一踏入景区，那气势磅礴的老龙头便映入眼帘。这里曾是明长城的东部起点，至今仍保存着完整的敌楼和城墙。沿着古老的石阶缓缓而上，仿佛穿越回了那个烽火连天的时代。我们一边走，一边向孩子们讲述着这座古老建筑背后的故事，让他们了解这不仅是历史的见证者，更是中华民族坚韧不拔精神的象征。

抵达山顶，眼前是一片壮丽的大海。老龙头以它那独特的方式与大海相连，仿佛将海洋揽入怀中，共同守护这片土地。在这里可以近距离感受海风拂面、浪花拍岸的自然美景。",1740914138,1741075056,历史遗迹
126,86,秦皇岛海滨漫步海滨攻略,"《秦皇岛海滨漫步——一场家庭的乐土之旅》

阳光温柔地洒在了金黄色的沙滩上，轻柔的海风带着淡淡的咸味轻轻拂过。我们一家人来到秦皇岛海滨体验了一次愉快的家庭旅行。这次的旅程就像是一场充满欢声笑语的探险，让我们深深地爱上了这个美丽的地方。

一踏入秦皇岛，就能感受到空气中弥漫着海洋的气息。首先映入眼帘的是那宽阔而美丽的沙滩，金黄色的沙粒细软如绒毛，赤脚踩上去感觉格外舒服。孩子们兴奋地在海边嬉戏打闹，有的堆起沙堡，有的则是在海浪中尽情奔跑，欢笑声此起彼伏。

午后时分，我们选择了一条风景优美的海滨木栈道进行漫步。栈道两旁绿树成荫，沿途可以欣赏到清澈的海水和远处连绵起伏的山峦。沿着木栈道走一走，不仅能够放松心情，还能近距离观察海鸥在天空中翱翔，偶尔还能遇到几只憨态可掬的小螃蟹。",1740741050,1741019898,海滨体验
127,60,秦皇岛的秦始皇东巡历史,"《秦皇岛的秦始皇东巡历史——一次文化的探秘之旅》

在夏日清晨的第一缕阳光里，我和家人踏上了前往河北省秦皇岛市的历史文化之旅。这次旅程以探访秦始皇东巡历史为主题，让我们不仅领略了壮丽的自然风光，更深刻地理解了中国古代帝王的宏伟与智慧。

抵达目的地后，我们首先参观了著名的卢龙山，这里曾是秦始皇东巡时的重要一站。景区内石刻、碑林众多，每一处都承载着深厚的历史文化内涵。沿着蜿蜒的小径前行，仿佛穿越时空隧道，感受到了古人的风范与智慧。孩子们饶有兴趣地在导游的带领下了解古代建筑结构和雕刻技艺。

接下来的行程中，我们还参观了秦始皇兵马俑博物馆秦皇岛分馆——青龙县白塔岭遗址。虽然这里的规模远远不及西安兵马俑那么壮观，但每一件出土文物都让我们感叹于古人精湛的手工艺以及对细节的关注。",1741326831,1741749157,文化探索
128,26,秦皇岛海滨漫步海滨攻略,"《秦皇岛海滨漫步——一场全家人的度假之旅》

初秋时节，我们一家人踏上了一次难忘的旅程，来到了被誉为东方夏威夷的秦皇岛。这里不仅有美丽的海岸线，还有适合全家人游玩的各种活动。

一踏入景区，映入眼帘的就是一望无际的大海。海风轻轻拂过，夹杂着海水的味道，让人感到心旷神怡。沿着海岸线漫步，可以看到沙滩上各种玩耍的孩子们，欢笑声此起彼伏。我们带上游泳圈，在柔软的沙地上留下了一串串脚印。

在海边还有一处不可错过的景点——鸽子窝公园。这里被誉为“秦皇岛之肺”，空气清新宜人。公园里有各种娱乐设施，孩子们可以尽情地玩耍，而家长则可以在一旁悠闲地欣赏风景或是在树荫下享受片刻的宁静时光。

对于喜欢冒险的家庭来说，我们还尝试了潜水体验项目。穿上装备，在专业教练的带领下，一起探索海底世界的奥秘。",1740623910,1740778900,海滨体验
129,75,如何玩转秦皇岛的沙滩露营,"《如何玩转秦皇岛的沙滩露营》

在这个金秋时节，我有幸与家人一起探索了位于河北省东北部的秦皇岛市。这里不仅有绵延千里的海岸线，更有令人陶醉的沙滩和露营体验等待着我们。秦皇岛不仅是一个适合度假的城市，更是家庭游客休闲放松的好去处。

我们选择在黄金海岸进行了一次沙滩露营之旅。从市区出发驱车前往金丝滩风景区，一路上风景如画，海风轻拂，让人心旷神怡。抵达目的地后，我们在一处风景绝佳的海滩上支起了帐篷，搭建起简易的小木屋作为临时住所。夜晚时分，我们围坐在篝火旁，听海浪拍打着沙滩，星空如洗，繁星点点，别有一番风味。

第二天清晨，随着第一缕阳光的照耀，我们带着兴奋的心情开始了徒步之旅。沿着海岸线漫步，欣赏着碧波荡漾、海水清澈的美景。",1741064004,1741264591,海滨体验
130,46,如何在秦皇岛度过一个海滨度假假期,"《如何在秦皇岛度过一个海滨度假假期》

初夏的秦皇岛，如同一片未被世俗侵扰的静谧净土。这里不仅是避暑胜地，更是家庭出游的理想之地。在阳光与海浪交织的夏日里，让我们一起探索这座城市的魅力。

一踏入北戴河海滩，满眼都是细腻柔软的金色沙粒和碧蓝无垠的大海。孩子们可以尽情地在沙滩上堆砌城堡，追逐着海浪嬉戏；而大人们则可以在海边漫步或是在遮阳伞下享受海风轻拂的感觉。傍晚时分，沿着海岸线散步，还能看到夕阳缓缓沉入大海，晚霞将整个天空染成金红色，美不胜收。

除了沙滩和日光浴，秦皇岛还拥有着丰富的海洋运动项目。这里被誉为“东方夏威夷”，不仅拥有优质的海景资源，而且设施完善、活动多样。你可以参加帆船出海、冲浪体验等水上运动，在享受刺激的同时也能感受大海的广阔与辽远。

在海滨小镇里，我们还可以探访充满历史气息的老城区。",1742705341,1742804938,避暑胜地
131,57,秦皇岛的古城风貌文化,"《秦皇岛的古城风貌文化——探寻历史遗迹的魅力》

初夏时分，我们一家来到了河北省秦皇岛市，这里的古城不仅保留了丰富的历史文化遗存，还融合了现代都市的活力。漫步在秦皇古道上，仿佛穿越回了那个烽火连天的时代。

首先映入眼帘的是抚宁县秦代古城遗址，这里曾是当年秦始皇巡视北疆的重要驻跸之所。我们沿着古道缓行，沿途可以见到一些保存较为完整的城墙、箭楼等建筑。尽管历经千年风雨侵蚀，但依然能感受到那份历史的厚重感。

随后，我们来到了位于山海关的明代长城脚下，登上城楼俯瞰，四周群山环绕，碧海苍茫。在这里举办了一些有趣的活动，比如亲手砌砖墙、体验古代军士的生活……通过这些互动项目，孩子们不仅学到了很多关于长城的知识，也对这段历史产生了浓厚的兴趣。",1741975137,1742317529,历史遗迹
132,59,探秘秦皇岛的老龙头入海历史,"《探秘秦皇岛的老龙头入海历史》

夏日的一天，我们驱车前往秦皇岛，只为一睹老龙头那千年沧桑的面容。站在山海关南端，眺望眼前那一抹海天相接处的雄伟，不禁让人感叹时间与自然的鬼斧神工。

老龙头作为明代长城东部的起点，其历史可追溯至明朝嘉靖年间。它不仅见证了中国古代防御工程的壮丽，更是连接了陆地与海洋的独特通道。踏上那块历经风雨洗礼的土地，仿佛能听到历史的回声，感受到古人的智慧与坚韧。站在海边，一阵阵海风拂过，夹杂着大海特有的咸味，令人心旷神怡。

这里不仅有厚重的历史底蕴，还有适合家庭游玩的项目。我们可以一起漫步在青石板铺就的小道上，沿着长城探索未知。或是租一艘小船，在波光粼粼的大海上畅游一番，近距离感受海浪的温柔与力量。傍晚时分，夕阳将天边染成金红色，与远处的海面相互映衬，构成一幅动人的画卷。",1741746144,1741961006,历史遗迹
133,50,秦皇岛游乐场欢乐亲子攻略,"《秦皇岛游乐场欢乐亲子攻略》

阳光明媚的一天，我和家人来到了位于秦皇岛市区附近的燕山湖畔。这里有一座充满乐趣的游乐场——“梦幻乐园”，是全家人都乐于亲近的地方。

一踏入梦幻乐园，孩子们就兴奋地尖叫着奔向各种游戏设施。首先映入眼帘的是一个巨大的滑梯群，五颜六色、形态各异，孩子们在上面追逐嬉戏，欢声笑语不断。家长们则在一旁为他们加油打气，感受那份纯真的快乐。

我们还尝试了海盗船和旋转木马。海盗船上时而剧烈摇晃，时而缓缓荡漾，仿佛置身于波涛汹涌的大海中，刺激又惊险；旋转木马上五彩缤纷的小动物在空中飞舞，让人心情愉悦、童心未泯。这里不仅有适合小朋友们的项目，还有专为大人准备的碰碰车和射击游戏，让我们一家人一起尽情享受着游戏带来的乐趣。

此外，梦幻乐园里还设有各种表演和美食摊位。",1742317357,1742689464,家庭游玩
134,63,探秘秦皇岛的古城风貌历史,"《探秘秦皇岛的古城风貌历史》

初秋时节，我和家人一行来到了海滨城市秦皇岛。这里不仅有壮丽的海景，更有深厚的历史文化。漫步于北戴河区的山海关老龙头景区，仿佛穿越回了那个金戈铁马、烽火连天的年代。

老龙头景区位于海边悬崖之上，是明长城的重要组成部分。步入景区，一座雄伟壮观的城楼映入眼帘，城墙上雕刻着精美的图案和文字。我们跟随导游的脚步，沿着蜿蜒曲折的台阶而上，每一步都踏在了历史的痕迹上。在这里，我们可以近距离接触那古老的砖石、铁索等建筑遗迹，感受当年戍边将士们英勇无畏的精神。

除了游览古迹，景区内还设有互动体验项目，如制作土陶、射箭、投壶等传统游戏，让孩子们在游戏中学习历史文化知识，寓教于乐。我还尝试了一把古代的“弓箭”，虽然力量有限，但那份箭离弦时的力量感和命中目标后的成就感让我难以忘怀。",1742554610,1742750051,历史遗迹
135,67,秦皇岛的海钓乐趣海滨体验,"《秦皇岛的海钓乐趣海滨体验》

夏日炎炎，秦皇岛成为了我们全家出游的理想之地。在这里，我不仅体验到了海边独有的清凉与宁静，还收获了难忘的家庭时光。这次旅行，我们选择了参加当地的海上垂钓活动。

一早醒来，迎面而来的凉风带着海的味道，我们迫不及待地乘坐专车前往位于北戴河的码头。那里已经聚集了许多同样热爱海洋的游客和渔民。一艘艘渔船静静地停泊着，等待着一天的开始。海面上微波荡漾，海水清澈见底。

在专业教练的指导下，我学会了如何正确使用钓具，并耐心等待鱼儿上钩。虽然没有立即收获，但那份静谧与期待却让人心情愉悦。终于，在一次起竿的时候，一条肥美的黑鱼被成功捕获。那一刻，全家人兴奋不已，一起分享着这份喜悦。

下午时分，我们又前往了附近的南戴河，漫步在柔软细腻的金色沙滩上，享受海浪轻抚脚踝的乐趣。",1740441362,1740672217,海滨体验
136,44,带你游览秦皇岛的北戴河海滨,"《带你游览秦皇岛的北戴河海滨》

初夏时分，携一家老小来到中国北方著名的滨海胜地——北戴河海滨，体验那特有的海风与阳光。这里不仅是一个放松心情的好去处，也是一个充满乐趣和探索的地方。

漫步在海边，第一站推荐沙雕艺术园。每年夏季，这里都会举办一场盛大的沙雕节，艺术家们利用丰富的想象力，在沙滩上创作出形态各异、栩栩如生的沙雕作品。孩子们可以在这里尽情玩耍，家长也可以参与其中，亲手制作沙雕模型，留下美好的亲子时光。

沿着海滨大道继续前行，来到鸽子窝公园。这里不仅风景优美，还建有观景塔，登上观景台，整个北戴河海滨风光一览无余。此外，在公园内还可以租借自行车，骑行在沙滩上，享受海风拂面的清凉。夜晚来临时，不妨选择一处适合野餐的地方，与家人一起品尝自带的小食，或是在海边散步、看日落。",1742603451,1742953523,景点推荐
137,95,秦皇岛沙滩露营海滨攻略,"《秦皇岛沙滩露营海滨攻略》

初秋时节，我们一家来到了被誉为“东方夏威夷”的秦皇岛。这里不仅有着辽阔的海滩，还有着丰富的海洋资源和美丽的自然风光。为了更深入地体验这里的魅力，我们选择了一次沙滩露营之旅。

一早，我们就驱车前往鸽子窝公园附近的沙滩，这里是露营的最佳地点之一。沿着蜿蜒的小路，我们看到了海浪与沙丘交织的美景，微风吹过，带来了阵阵清凉和远处海鸥的鸣叫。在预定好的帐篷前，一家人忙活起来，搭建帐篷、准备食物，享受着海边独有的乐趣。

晚餐过后，沙滩上星星点点的灯光映衬下，夜空格外美丽。我们围坐在篝火旁，分享着一天的经历，孩子们还兴奋地围着篝火玩耍，大家欢声笑语中感受到了温馨和快乐。夜晚，海风轻拂，听着浪花拍打在岸边的声音入睡，仿佛进入了梦幻般的世界。",1741359712,1741400889,海滨体验
138,100,秦皇岛的动物园探秘家庭游,"《秦皇岛的动物园探秘家庭游》

在美丽的海滨城市秦皇岛，有一处集欢乐与教育于一体的地方——秦皇岛动物园。这里不仅有丰富多样的动物种类，还有专为亲子设计的各种活动，是全家老少欢聚一堂、共度美好时光的理想之地。

踏入园区，首先映入眼帘的是成群结队的羊驼和憨态可掬的小熊猫，孩子们兴奋地欢呼着，与这些可爱的生物亲密接触。在猴山，一群活泼灵动的金丝猴正在枝头跳跃嬉戏，它们的好奇眼神似乎也在寻找家庭间的乐趣共鸣。

当然，动物园内还有许多其他精彩纷呈的体验等待探索。家长可以带着孩子参观亚洲象、非洲狮、长颈鹿等珍稀动物，了解它们的生活习性；或是参与互动喂食活动，亲手为动物投喂食物，感受与自然亲近的乐趣。此外，园区还设有儿童游乐区和科普教育中心，通过寓教于乐的方式让孩子们在游玩中增长知识。",1740738120,1741030956,家庭游玩
139,81,带孩子去秦皇岛体验海滨乐园,"《带孩子去秦皇岛体验海滨乐园》

金秋十月，一场温暖的旅行带着我和家人来到了美丽的海滨城市——秦皇岛。这里不仅有着得天独厚的海景资源，还有着丰富的游玩项目，让孩子们在欢声笑语中尽情享受假期的乐趣。

一进入北戴河景区，我们就被眼前的美景所吸引。海边那柔软洁白的沙子细腻得仿佛能让人忘却一切烦恼。我们漫步在沙滩上，感受着脚下的温暖，不时还能捡到五彩斑斓的贝壳。不远处的海浪轻轻拍打着岸边，发出悦耳的声音。

孩子们兴奋地追逐着海浪，还不时跳起与它来个亲密接触。我也在海边建起了沙堡，和他们一起堆砌出了一个又一个小巧别致的建筑模型。当海浪冲垮我们的“建筑”时，孩子们并没有生气，反而笑得更加灿烂了。

当然，作为海滨城市，除了沙滩上的乐趣外，秦皇岛还有着许多其他值得一看的地方。如闻名遐迩的野生动物园。",1742448144,1742549142,家庭游玩
140,73,秦皇岛的长城文化文化,"《秦皇岛的长城文化之旅》

当晨光初破云层，我踏上了前往秦皇岛的旅程。这里不仅有蔚蓝的大海和细腻的沙滩，更有历经沧桑的长城遗迹。在这座海滨城市中，历史与现代交融，给我留下了深刻的印象。

抵达第一站——老龙头长城，迎面而来的雄伟风光令人震撼。这里是中国万里长城的一个重要组成部分，也是最东端的起点。“老龙头”之名正取自其形似龙首探入大海的独特景观。登上海边的长城，仿佛步入了一个时光隧道，感受到中国古代军事防御工程的伟大与壮丽。站在烽火台上远眺，海天一色、万里无云，令人心旷神怡。

在游览过程中，我还参与了“长城小卫士”的互动体验活动。通过模拟指挥和讲解员的指导，我仿佛穿越回那个时代的战场，感受到了古代将士们的英勇与智慧。这样的亲身体验不仅增长了知识，更让我对这段历史有了更深的理解和感悟。",1741749830,1742170859,历史遗迹
141,76,秦皇岛日落美景海滨攻略,"《秦皇岛日落美景海滨攻略》

当夕阳的最后一缕余晖洒在河北省秦皇岛市的海面上，整个海岸线都披上了一层金色的纱衣。在这里，你不仅可以尽情享受海滩的细腻与广阔，还能体验到一种难以言表的宁静与美好。

首先推荐的是北戴河，这片被誉为“东方夏威夷”的美丽海滨，是家庭游客的首选之地。在日落时分，漫步于金滩之上，脚下的沙粒如同细软的棉花糖，轻柔地包裹着每一步的足迹。孩子们追逐嬉戏在海浪中，欢声笑语为这宁静的海边增添了几分生机。

傍晚时分，你可以选择参加一场海滩瑜伽或是沙滩排球比赛，与家人一同享受户外运动的乐趣。活动结束后，在附近的海滨餐厅品尝一番地道海鲜，那鲜美的味道定会让你流连忘返。

沿着海岸线向前走，你会来到鸽子窝公园，这里不仅有精美的雕琢艺术作品展示着大海的壮观景色，还有许多关于海洋保护的小知识可以学习了解。",1740950145,1741181741,海滨体验
142,82,秦皇岛的黄金海岸自然风光,"《秦皇岛的黄金海岸自然风光》

来到秦皇岛，我们选择了一段难忘的旅程——探索那金色的沙滩与碧蓝的大海。在阳光的照耀下，这里仿佛是大自然最纯净的杰作。

初入黄金海岸，首先映入眼帘的是绵延不绝、金光璀璨的沙滩。细腻的沙粒轻柔地抚过脚底，让人感受到一种难以言喻的舒适与放松。在这里，孩子们可以尽情奔跑玩耍，大人们也可以席地而坐，享受着海风带来的清新和自由。

漫步海边，可以看到一排排整齐的遮阳伞和躺椅。这里是拍照留念的好地方，蓝天、白云、碧海、沙滩，构成了一幅美丽的画卷。此外，还有一些特色小吃摊位，可以品尝到新鲜美味的海鲜，是不可多得的美食体验。

当然，除了享受自然风光之外，黄金海岸还提供了许多有趣的活动项目。比如乘着脚踏船在海面上畅游，或是尝试冲浪，感受迎面而来的海风与波涛带来的刺激与兴奋。",1742591119,1742952452,自然风光
143,42,如何欣赏秦皇岛的北戴河海景,"《如何欣赏秦皇岛的北戴河海景》

在这个金秋十月，我和家人一同踏上了去往秦皇岛北戴河的旅程。在这里，我们不仅能够体验到自然风光的壮丽与宁静，还能感受到海边独有的细腻和温馨。对于追求亲近自然的家庭游客来说，这里无疑是一个放松身心的好去处。

一踏入北戴河，首先映入眼帘的就是那蔚蓝的大海。海水清澈见底，偶尔几只白鹭掠过水面，激起一圈圈的涟漪。我们沿着沙滩漫步，脚下的细沙软绵而温暖。孩子们则兴奋地在海边堆沙堡、捡贝壳，享受着童年的快乐时光。

除了自然风光外，北戴河还有许多可供家庭游客参与的活动。其中最推荐的是骑行。沿途可以看到美丽的海滩和远处连绵起伏的山丘，骑上自行车，在海风中穿梭，感觉非常惬意。傍晚时分，我们选择在海边的一家餐厅用餐，品尝着海鲜大餐，感受着日落的余晖洒满整个海岸线，那一刻所有的烦恼都烟消云散了。",1741040922,1741272558,自然风光
144,43,秦皇岛山海关古道自驾游攻略,"《秦皇岛山海关古道自驾游攻略》

金秋十月，我和家人一起来到了被誉为“人间仙境”的秦皇岛。这里不仅有绵延的海岸线、如画的山水风光，还有丰富的历史遗迹等待我们去探索。其中，我们特别选择了一条以自驾游的方式探访山海关古道。

清晨的第一缕阳光刚刚洒在海面上时，我们就驾车从市区出发，向北行进约30公里便来到了山海关。这里不仅是中国古代长城的重要组成部分，更是连接中国北方和南方的交通要塞，拥有着浓厚的历史文化底蕴。我们沿着蜿蜒曲折的石板古道漫步，感受着脚下每一块石头都承载的历史故事。

在游览了雄伟的关城后，我们还特意安排了一次骑行活动，在绿树成荫的小路上穿梭，两旁是金黄的秋叶和远处连绵起伏的山峦。沿途可以看到一些当地居民正在田间劳作，或是在自家小院中悠闲地喝茶聊天，一幅宁静和谐的画面展现在眼前。",1740740493,1740809183,自驾游攻略
145,37,如何在秦皇岛度过一个凉爽体验假期,"《如何在秦皇岛度过一个凉爽体验假期》

炎炎夏日，海风送爽。选择秦皇岛作为暑期游玩目的地，是一个明智的选择。位于河北省东北部的秦皇岛不仅拥有美丽的海滩，还有丰富的文化遗迹和自然景观等待着你的探索。

一早出发，驱车前往北戴河区。这里有长达数十里的金色沙滩，碧蓝的大海与蓝天白云交相辉映。带上家人一起漫步在柔软细腻的沙粒上，拾起海浪留下的贝壳，感受大海带来的清凉。沿着海岸线散步至联峰山公园，登上山顶可以俯瞰整个海滨风光，欣赏到“东临碣石”的壮丽景色。

午餐后前往鸽子窝公园，这里不仅是拍照打卡的好地方，还可以在专门的儿童乐园里玩耍。晚上，在海边看一场露天电影，享受海风轻拂，品尝海鲜美食，别有一番风味。此外，秦皇岛还有著名的山海关古迹，可以带孩子去走一走老城墙、感受历史文化的厚重。",1741529527,1741630177,避暑胜地
146,62,秦皇岛的黄金海岸自然风光,"《秦皇岛的黄金海岸自然风光》

初夏时节，我和家人一起踏上了前往秦皇岛的旅程。在渤海之滨的金色沙滩上留下足迹，在海风中尽情享受大自然赋予的美好时光。

一踏上黄金海岸景区的大门，眼前便豁然开朗。绵延数里的金黄色沙滩如同一条细腻柔软的地毯铺设于岸边，阳光与海浪交相辉映，美得让人心醉。我和孩子们在细软的沙子上追逐嬉戏，脚下的每一步都留下清晰的痕迹；爸爸和妈妈则漫步在海岸边，享受着轻柔的海风拂面。

沿着海滩前行不远便是“燕塞湖”，湖水清澈见底，鱼儿游弋其中，湖面上的野鸭悠闲自得。我们租了一艘小船，在碧波荡漾中畅游，感受微风带来的凉爽与清新。湖边还有许多亲水平台和木栈道供游客们休憩拍照。

傍晚时分，我们全家来到一家当地特色餐馆品尝海鲜大餐，新鲜的鱼虾贝蟹在厨师手中变得色香味俱佳。",1742455510,1742841430,自然风光
147,54,秦皇岛鸽子窝公园景点推荐,"《秦皇岛鸽子窝公园景点推荐》

初到秦皇岛，便被这座海滨城市的静谧之美所吸引。而今，我有幸走进鸽子窝公园，这里的每一寸土地都散发着自然的魅力。站在沙滩上，海风轻拂过脸颊，带来阵阵咸湿的清新气息。

鸽子窝公园位于河北省秦皇岛市北戴河区，是国家级海洋公园之一。这里不仅环境优美，而且适合全家人共同游玩。首先，不妨前往海滩漫步，感受脚下的细沙与海浪拍打的声音。沿着海岸线一路前行，可以看到一些礁石上栖息着各种鸟类，孩子们可以在这里享受一段难忘的观鸟之旅。

随后，我们来到了鸽子窝公园的核心区域——鸽子窝景区。这里以奇峰、怪石闻名遐迩，其中最为著名的是“仙人晒靴”。据说是古代仙人在山顶晾晒靴子的地方，周围布满了形态各异的岩石。攀爬山间的小径，一路风景如画，偶尔还能看到松鼠和各种鸟类。",1742707139,1742905150,景点推荐
148,18,秦皇岛的森林氧吧体验,"《秦皇岛的森林氧吧体验》

夏日炎炎，秦皇岛以其独特的自然风光和宜人的气候成为众多家庭游客心中的避暑胜地。一次偶然的机会，我和家人一起探访了位于秦皇岛郊区的一片茂密森林——金龙山森林公园。

踏入这片绿意盎然的世界，仿佛进入了一个天然的氧吧。郁郁葱葱的树木遮挡住了刺眼的日光，带来一片阴凉。沿着林间小径前行，两旁是不知名的野花竞相开放，色彩斑斓，空气中弥漫着清新的草木香。我们还看到了几只活泼的小松鼠在树上跳跃，时不时地停下来警惕地看看我们，这给我们的旅程增添了不少乐趣。

最吸引人的莫过于森林公园中那条蜿蜒曲折的登山步道了。这条山路不仅风景优美，而且挑战性适中，适合全家人共同探索。沿着山路拾级而上，沿途风光旖旎，每一处景致都让人流连忘返。",1740731219,1741086863,避暑胜地
149,3,如何在秦皇岛度过一个海滨度假假期,"《如何在秦皇岛度过一个海滨度假假期——走进避暑胜地》

当阳光洒满大地，海风轻拂耳畔时，秦皇岛成为了我们全家期待已久的避暑目的地。这里不仅有着美丽的沙滩，还有着丰富的活动和凉爽的气候，让我们得以享受一段难忘的时光。

抵达秦皇岛后，我们首先被那片绵延不绝的金色沙滩所吸引。金黄色的沙粒细腻柔软，在赤脚踏上时感觉格外舒适。海浪轻轻拍打着岸边，发出阵阵悦耳的声音。我们沿着海边漫步，寻找最佳的游玩地点——北戴河鸽子窝公园。这里的海滩特别适合儿童玩耍，他们可以尽情地在沙堆中挖掘、建造，甚至还可以尝试捉小螃蟹。

除了沙滩上的活动外，秦皇岛还有许多其他值得探索的地方。",1741269588,1741511590,避暑胜地
150,65,秦皇岛的凉爽体验体验,"《秦皇岛的凉爽体验》

在炎炎夏日，我和家人决定去秦皇岛寻找一份凉爽的慰藉。秦皇岛不仅是一个美丽的海滨城市，更是名副其实的避暑胜地。

我们首先来到了北戴河，这里有著名的鸽子窝公园和老虎石公园。鸽子窝公园是一片静谧的绿色空间，漫步其中，可以听到清脆的鸟鸣声和海浪拍打岸边的声音。这里也是观赏日出的好地方，当第一缕阳光穿透云层，将金色洒满整个海岸线时，那种震撼人心的美让人流连忘返。

接着我们去了老虎石公园，在这个公园里，可以看到一块巨大的岩石像一只老虎一样俯瞰着大海。夏天在这里戏水十分凉爽，孩子们在波浪间嬉闹，笑声回荡在空气中，给炎热的夏日带来无限乐趣。这里的沙滩很干净，适合家庭游玩。

午后我们前往了老君顶国家森林公园，这里是避暑的好去处。山林之间空气清新，温度较市区低很多。",1740576414,1740935963,避暑胜地
151,41,如何欣赏秦皇岛的森林公园,"《如何欣赏秦皇岛的森林公园》

在北方的海滨城市秦皇岛，有一个不为人熟知的宝藏之地——森林公园。在这里，不仅能感受到大自然的静谧与生机，还能体验到丰富的户外活动，是家庭游玩的理想选择。

步入公园，首先映入眼帘的是蜿蜒曲折的小径和绿意盎然的林间小道。这些树种丰富多样，从松柏、槐树到枫叶，每一棵树都像是自然界的守护者，静静地伫立在那里，讲述着自己的故事。孩子们可以在这里找到各种各样的植物标本，而大人们则会欣赏沿途的美景，感受大自然的魅力。

森林公园内设有多个休闲区域和体育设施，适合全家一起游玩。例如，公园中心有一片宽阔的草坪，周围环绕着清澈的小溪，是野餐的最佳地点；不远处还有一座小型湖泊，湖水碧绿如玉，偶尔可以看到几只小鸟在水中嬉戏。这里也是孩子们释放天性的乐园，在自然中探索未知的乐趣。",1740526170,1740835045,自然风光
152,50,如何欣赏秦皇岛的北戴河海景,"《如何欣赏秦皇岛的北戴河海景》

夏日炎炎，一场说走就走的旅行让人向往。近日，我和家人踏上了去秦皇岛北戴河的旅程。在这里，我们不仅领略了大海的魅力，更感受到了自然风光与家庭欢乐的完美结合。

一踏入北戴河景区的大门，迎面而来的海风中夹杂着淡淡的盐味，清新而又充满活力。海滩上，金色的沙粒在阳光下闪烁着光芒，波光粼粼的大海仿佛是一块巨大的蓝宝石镶嵌在蓝天之下。在海边漫步，孩子们欢笑着追逐浪花，大人们则席地而坐，享受着海风拂面的惬意。我们选择了租借一艘小船出海，迎着微风，随着海浪起伏摇曳。远处的帆影和近处的鸥群构成了北戴河一幅动人的画面。

傍晚时分，我们在景区内的观景台上欣赏了日落的美景。夕阳将天际染成了金红色，波光粼粼的海面上也反射着绚丽多彩的光芒。此时此刻，时间仿佛凝固，让人不禁感叹大自然的魅力与鬼斧神工。",1741501918,1741614838,自然风光
153,78,秦皇岛必吃的当地小吃美食,"《秦皇岛必吃的当地小吃美食》

来到河北省秦皇岛市，除了欣赏美丽的海滨风光和悠久的历史文化外，这里的地道美食也是不容错过的。对于带着孩子的家庭来说，这里的小吃不仅美味可口，而且价格实惠，非常适合在旅行中品尝。

首先推荐的是海鲜市场附近的海产品烧烤摊。新鲜的虾、蟹、扇贝在这里经过简单的腌制后，直接放在炭火上烤制。肉质鲜嫩多汁，配上当地的辣椒酱和蒜泥，让人回味无穷。特别是傍晚时分，坐在海边的木椅上享受着微风拂面，品尝着热腾腾的小吃，别有一番风味。

接着来到北戴河边的老街，这里的小吃更是琳琅满目。烤生蚝是这里的特色之一，将生蚝用特制的调料腌制后放在铁板上烤至金黄，口感鲜美；还有臭豆腐、煎饼果子等传统小吃，都是孩子们非常喜欢的食物。

当然，来秦皇岛怎么能不品尝一下当地的海鲜火锅呢？",1742221387,1742411617,美食攻略
154,80,如何规划秦皇岛的黄金海岸,"《如何规划秦皇岛的黄金海岸——自驾游攻略》

初夏，阳光正好，微风不燥。与家人一同出发，在驱车150公里后抵达了素有“北方亚特兰大”之称的城市——秦皇岛。这里不仅有着绵延24.3公里的金色沙滩，还有着令人向往的山海风情。

我们在海边找到了一处安静的停车场，停好车，放下行李，迫不及待地来到黄金海岸。脚下是细腻柔软的沙粒，仿佛能将脚印深深地烙在记忆中。不远处的海水碧蓝透明，几只小螃蟹在浅水区穿梭，孩子们兴奋地欢叫着跳进海浪里，尽情玩耍。

沿着海边栈道前行，不时可以看到一些老人悠闲地散步。沿途绿树成荫，鸟鸣声声，空气清新而湿润。我们还特意去了一次鸽子窝公园，公园内不仅有各种各样的鸟类，在这里还能看到不少造型独特的石头雕塑，让人流连忘返。",1741642222,1741688282,自驾游攻略
155,67,秦皇岛的海风吹拂体验,"《秦皇岛的海风吹拂体验》

夏日炎炎，当大多数人还在寻找一处清凉之地的时候，秦皇岛成了我们的首选。这里的海滨风光旖旎，是名副其实的避暑胜地。

一走进秦皇岛的景区，首先映入眼帘的是那无边无际的大海。天蓝与海蓝融为一体，微风轻轻吹过，带来阵阵凉意。我们漫步在沙滩上，脚下的沙子柔软细腻，不时还能感受到海浪轻拍岸边的节奏。海边的活动丰富多彩，孩子们可以尽情地堆沙堡、捉螃蟹；大人们则可以享受着大海赠予的清凉与宁静。

除了海滩，北戴河新区也是一个值得一去的地方。这里的树木郁郁葱葱，绿意盎然。沿着林间小道缓缓前行，清新的空气令人心旷神怡。更令人惊喜的是，在此还能看到成群结队的海鸟栖息于此，它们或低飞觅食，或在空中盘旋嬉戏，构成一幅生动和谐的画面。",1742279940,1742570017,避暑胜地
156,59,秦皇岛老龙头景区景点推荐,"《秦皇岛老龙头景区景点推荐》

初夏时节，我带着家人踏上了一段探寻历史文化的旅程。目的地是位于河北省秦皇岛市的著名景点——老龙头。这里不仅风景优美，还承载着丰富的历史文化，非常适合家庭出游。

一踏入老龙头景区，首先映入眼帘的是那壮观的长城。长城蜿蜒曲折，与碧海蓝天交相辉映，给人以强烈的视觉震撼。我们沿着青石铺就的小道缓缓前行，在这里可以感受长城的雄伟壮丽，还能聆听导游对这段历史故事的讲述。

除了欣赏美景外，孩子们在景区内的游乐设施也能找到乐趣。比如“飞翔体验馆”，通过先进的VR技术让孩子们仿佛置身于飞翔之中；还有模拟海盗船、过山车等项目，为孩子们带来刺激与欢乐。

最令人难忘的是傍晚时分，我们沿着海岸线散步。夕阳西下，海面上波光粼粼，远处的天空渐渐染上了一抹橙红。",1741454208,1741842479,景点推荐
157,67,秦皇岛采摘体验亲子攻略,"《秦皇岛采摘体验亲子攻略》

阳光温暖地洒在身上，我们一家四口踏上了前往秦皇岛采摘基地的旅程。这次旅行的目的不仅仅是欣赏美景，更是一次充满乐趣的家庭探险。

一进入采摘园，映入眼帘的是连片的果园和菜地。孩子们兴奋地跑向草莓田，迫不及待地想要品尝大自然的馈赠。我们选择了几个不同品种的草莓地，每一口都是甜蜜多汁的享受。在这过程中，我和妻子也加入其中，一边挑选，一边指导孩子如何分辨出又大又甜的果实。

除了草莓采摘，果园内还设有各种有趣的亲子活动。比如亲子套圈、农事体验等游戏项目。孩子们积极参与，脸上洋溢着纯真的笑容。尤其是参与了摘苹果和玉米的活动后，他们不仅了解了农作物的成长过程，也体会到了劳动的乐趣。

傍晚时分，我们来到了采摘园附近的一家农家乐，享受了一顿丰盛的农家宴。",1741778617,1741993955,家庭游玩
158,82,秦皇岛的碣石山传说历史,"《秦皇岛的碣石山传说历史——一次文化和探险之旅》

初夏的清晨，一行人踏上了探访秦皇岛的旅程。车窗外，绿意盎然，微风拂过，带来丝丝清凉与自然的气息。我们的目的地是有着悠久历史文化的碣石山。

碣石山位于河北省秦皇岛市，是一处集自然风光与人文景观于一体的著名旅游景点。一进入景区，便被其独特的山形地貌所吸引，奇峰怪石、古木参天，让人仿佛置身于世外桃源之中。更有那碧绿的溪流穿行其间，潺潺流水声宛如天籁之音。

我们首先参观了位于山顶上的碣石宫，这里曾是东汉时期曹操吟诵《观沧海》之处。站在高处俯瞰山下风光，不禁让人想起曹操“日月之行，若出其中；星汉灿烂，若出其里”的壮丽诗篇。随后，在导游的带领下我们沿着蜿蜒的小路深入山谷，穿过茂密的树林，到达一处刻有“碣石”二字的巨大岩石前。",1742546670,1742887590,文化探索
159,64,秦皇岛的明代遗迹文化,"《秦皇岛的明代遗迹文化》

在金秋十月，我们全家踏上了前往河北省秦皇岛市的旅程。这座城市不仅风景如画，更是拥有着悠久的历史与丰富的文化遗产。特别是那些保留完好的明代遗迹，让这里的每一砖一瓦都充满了历史的气息。

首站便是北戴河海滨的联峰山炮台遗址。这处历史悠久的军事防御工事，见证了明清时期抵御外敌入侵的英勇斗争。站在高高的炮台上，不仅能远眺波澜壮阔的大海，更能感受到那份历史的厚重与庄重。孩子们在炮位前嬉戏打闹，仿佛穿越回了那个战火纷飞的时代。

离开联峰山炮台遗址后，我们来到了老龙头长城脚下。这里是明代长城东部最南端的起点，也是中国乃至世界现存最早、规模最大的石筑长城之一。漫步于青砖砌成的城墙之上，仿佛能听到历史的低语。沿着蜿蜒曲折的城墙前行，每一处景致都充满了故事感，让人驻足流连。",1740553918,1740568223,历史遗迹
160,14,我的秦皇岛亲子时光之旅,"《我的秦皇岛亲子时光之旅》

在金秋十月的一天，我和家人踏上了前往秦皇岛的旅程。我们计划了一次充满乐趣与欢笑的家庭旅行，不仅想让我们放松心情，更希望通过这次旅行增进家庭之间的感情。

一进入秦皇岛市区，迎面而来的是一片蔚蓝的天空和清新的海风。驱车行驶在整洁的海滨大道上，沿途的高楼大厦和葱郁的树木交相辉映，美不胜收。我们迫不及待地来到鸽子窝公园，这是一个集自然景观与娱乐设施为一体的大型公园。孩子们兴奋地奔跑在草坪上，追逐着风筝；大人则坐在长椅上享受这份难得的宁静。

继续前行，我们来到了北戴河旅游区，在这里体验了冲浪、帆船等水上活动。碧海蓝天间，白色的帆船划过水面，如同精灵般轻盈飘逸。我与孩子一起尝试了冲浪板，尽管初次接触有些笨拙，但那种迎着海风、奋力向前的感觉让人兴奋不已。",1740996718,1741026197,旅行日记
161,72,秦皇岛海鲜大餐美食攻略,"《秦皇岛海鲜大餐美食攻略》

初夏时节，微风轻拂，带着丝丝凉意。这个周末，我们一家四口选择了一次说走就走的旅行——前往被誉为“东方夏威夷”的秦皇岛，探秘那里的美味佳肴与独特风情。

一踏进秦皇岛，便被这里的海天一色所吸引。清晨时分，在老街市场挑选新鲜的海鲜，龙虾、扇贝、海螺、螃蟹……品种繁多，令人眼花缭乱。我们决定在一家本地人推荐的小吃店品尝海鲜烤制，刚出炉的烤生蚝，鲜美无比，肉质饱满，让人忍不住连壳一起吞下。

午餐后，驱车前往鸽子窝公园游玩。沿着海边漫步，海风轻轻拂过脸庞，带来阵阵凉爽。中午时分，在一家临街的海鲜餐馆享用丰盛的大餐。餐馆老板是当地人，他向我们推荐了几道必尝的特色菜：蒜蓉蒸扇贝、清蒸大黄鱼以及虾饺皇等，每一口都让人回味无穷。",1741674363,1741693604,美食攻略
162,64,秦皇岛的长城文化文化,"《秦皇岛的长城文化之旅》

在金秋十月，我们一家人踏上了去秦皇岛的长城之行。这个季节的山海之间，碧空如洗，天高云淡，阳光透过薄雾洒在蜿蜒起伏的长城上，仿佛为古迹披上了一层金色的纱衣。

这次旅行的核心当然是参观北戴河区的金山岭长城了。金山岭长城是明长城的重要组成部分，这里保存着较为完好的古代建筑群落和丰富的历史文化遗迹。我们沿着青石铺设的小道拾级而上，呼吸着新鲜空气，听着脚下踏出的咯吱声，每一步都仿佛能感受到历史的气息。

沿途，你可以看到各种有趣的设施设置，比如休息亭、观景台等，为游客提供了歇脚与欣赏风景的机会。爬到最高点时，映入眼帘的是连绵不断的群山和蜿蜒曲折的长城，不禁让人感叹古代工匠们的智慧与勇气。站在烽火台上远眺，蓝天白云下，长城宛如一条巨龙横卧于崇山峻岭之间。",1741457527,1741833093,历史遗迹
163,47,秦皇岛森林公园风光攻略,"《秦皇岛森林公园风光攻略》

金秋十月，我和家人一起踏上了前往秦皇岛森林公园的旅程。这里不仅有着丰富多样的植被，还有着种类繁多的野生动物，是一个集自然探险与休闲游憩于一体的绝佳去处。

一踏入公园，我们便被眼前的景色深深吸引。这里的森林覆盖了整个山体，四季变换，景色各异。春天，树木吐绿，鸟语花香；夏天，郁郁葱葱，凉风习习；秋天，层林尽染，斑斓如画；冬天，则银装素裹，分外妖娆。最让人惊叹的是这里的奇石怪岩和清澈见底的溪流，构成了一幅幅生动鲜活的画面。

公园内设有各种娱乐项目和设施，其中最受欢迎的就是探险小火车。乘坐着复古的小火车穿梭于密林之间，既能近距离接触自然风光，又能体验惊险刺激的乐趣。此外，还可以参与徒步、登山等户外活动，在呼吸新鲜空气的同时锻炼身体，让全家人都能享受运动带来的快乐。",1741550316,1741833489,自然风光
164,82,秦皇岛的日落美景海滨体验,"《秦皇岛的日落美景海滨体验》

当第一缕晨光拂过海面，便知我们已经踏上了这座被誉为东方夏威夷的美丽城市——秦皇岛。这里不仅有着细软的金色沙滩，还有着无边的蔚蓝大海，更有那醉人的日落美景，等待着每一位游客的到来。

傍晚时分，我们来到了第一山公园，这里是观赏日落的最佳位置之一。远远望去，海天一色，仿佛一条巨大的蓝绿色绸带轻轻拂过天空和大地之间。随着太阳逐渐下沉，远处的云层开始被染上了橘红、粉紫等各种色彩，形成一幅壮丽无比的画面。

在海边漫步，脚下的沙子细腻柔软，不时传来阵阵波涛声，让人顿感心旷神怡。孩子们在沙滩上追逐嬉戏，享受着夏日的乐趣；而家长们则坐在长椅上或沙滩伞下，静静地欣赏海浪起伏与落日的完美结合。这时，一艘艘帆船缓缓驶过水面，激起一圈圈水纹，为这片宁静的海滩增添了几分动感。",1741786994,1741921329,海滨体验
165,56,秦皇岛一日游：体验老龙头入海,"《秦皇岛一日游：体验老龙头入海》

清晨的阳光洒在海岸边，驱散了海风中的寒意。我们一行人踏上了一天的旅程——秦皇岛一日游，目的就是探访那传说中与龙共舞的地方——老龙头。

车窗外，连绵起伏的山峦渐渐远去，眼前是无尽的碧波荡漾。抵达景区后，首先映入眼帘的是那座古朴庄严的城楼，它矗立在海边，仿佛守护着这片土地千年的秘密。沿着蜿蜒曲折的栈道，我们一步步接近海面，每一步都仿佛踏着历史的痕迹。

老龙头以其独特的地理位置和丰富的文化底蕴吸引了无数游客。这里不仅是中国万里长城的东部起点，也是观赏海上日出的最佳地点之一。当第一缕晨光穿过云层，将金色的光辉洒满海面时，眼前瞬间被点亮了——波澜壮阔的海面上闪耀着点点金光，美得令人窒息。

除了壮观的自然景观外，老龙头还藏有许多值得探索的小惊喜。",1742696204,1742786257,历史遗迹
166,15,带你游览秦皇岛的北戴河海滨,"《带你游览秦皇岛的北戴河海滨》

春暖花开之际，我与家人一起踏上了向往已久的北戴河之旅。这里，不仅有碧海蓝天、金色沙滩，更有丰富的游玩项目和人文景观等待着我们。

一踏入北戴河，首先映入眼帘的就是那绵延不绝的海岸线。宽阔的海滩上，孩子们在父母的陪伴下尽情奔跑玩耍，嬉戏打闹的声音回荡在整个海边。不远处有几家经营得不错的海鲜餐馆，我们品尝了当地特色的海产品，味道鲜美无比。

随后我们来到了鸽子窝公园，这里不仅风景优美，还有一座百年老教堂——圣·尼各老堂，它见证了北戴河的历史变迁。在沙滩上漫步，可以捡拾到各种贝壳和珊瑚，孩子们兴奋不已地收集着这些大自然的馈赠。

傍晚时分，我们在海边观看了日落表演，金色余晖洒满整个海面，远处的渔船点缀其间，美不胜收。",1742203090,1742456074,景点推荐
167,23,如何规划秦皇岛的沿海公路,"《如何规划秦皇岛的沿海公路——一次家庭式的自驾游之旅》

初夏时节，与家人一起踏上一场说走就走的旅行。选择去往美丽的海滨城市秦皇岛，在那里我们将会体验到不一样的风景，遇见别样的美丽。这次，让我们一起来规划一次自驾游攻略吧。

首先从北戴河新区出发，沿着沿海公路一路向南。沿途两旁是无垠的碧海蓝天、延绵不绝的沙滩，令人心旷神怡。你可以选择在鸽子窝公园下车，那里有辽阔的大海和丰富的鸟类资源，可以近距离观察各种可爱的海洋生物。还可以漫步在岸边看日出或日落，感受大自然的魅力。而鸽子窝公园外不远处就是著名的老虎石公园，那里的礁石怪异奇特、形态各异，犹如一座座天然雕塑。",1741595906,1741643670,自驾游攻略
168,91,秦皇岛一日游：体验古城风貌,"《秦皇岛一日游：体验古城风貌》

清晨，我们踏上了前往秦皇岛的历史之旅。第一站是老龙头长城遗址公园，这里不仅有雄伟壮观的长城遗迹，还有丰富的历史文化背景等待我们去探索。

步入公园，迎面而来的就是一段保存完好的明代古墙，这便是闻名遐迩的老龙头长城起点。沿着蜿蜒曲折的石阶向上攀登，仿佛穿越回那个战鼓雷鸣、烽火连天的时代。站在城墙上远眺，碧海蓝天映入眼帘，海水与天空融为一体，让人不禁感叹自然之壮美。在游览过程中，我还参加了由当地导游讲解的历史知识分享会，了解到这段长城的修建历史以及它在古代军事防御中的重要地位。

午后，我们前往了秦皇岛市博物馆进行参观。这里馆藏丰富多样，不仅有从秦汉时期到近现代各个时期的文物和艺术品展出，还特别设置了互动体验区，让孩子们能够更加直观地感受到历史的魅力。",1740537764,1740634882,历史遗迹
169,97,感受秦皇岛的秦始皇东巡魅力,"《感受秦皇岛的秦始皇东巡魅力》

初入秦皇岛，如同步入了一个充满历史韵味的城市画卷。在一次探索之旅中，我有幸深入体验了秦始皇东巡的魅力，这不仅是一场视觉与心灵的盛宴，更是文化与自然的完美交融。

首先来到的是北戴河海滨，在这里可以看到当年秦始皇东巡时驻足眺望的联峰山。站在山顶，极目远眺，海天一色，碧浪连绵。远处的海岸线如同一条蓝色的绸带，轻轻缠绕在大地上。风轻拂过耳畔，带来阵阵清凉与惬意。

随后我们前往了秦始皇行宫遗址公园。这里不仅有保存完好的古建筑群，更有大量的历史文物和雕塑。参观过程中，讲解员生动地讲述了秦始皇统一六国、巡游东方的壮举。孩子们被这些故事深深吸引，仿佛穿越回那个风云变幻的时代。在互动体验区，他们还亲手制作了兵马俑模型，那份自豪与喜悦溢于言表。",1740765267,1740794412,文化探索
170,17,秦皇岛海鲜大餐美食攻略,"《秦皇岛海鲜大餐美食攻略》

在海边的城市中，总有那么一种味道是无法抗拒的。它带着海风的味道，是秦皇岛的魅力所在——那里的海鲜大餐。作为一家人的旅行，我们选择了一个阳光明媚的日子，来到了这座美丽的海滨城市，准备一尝那里的美味佳肴。

首先，我们来到的是北戴河新区的一家海鲜市场。这里不仅有新鲜的海鲜，还有各种特色小吃和当地小商品。在市场内，我们看到了琳琅满目的海产品，从肥美的扇贝到鲜嫩的对虾，每一款都散发着诱人的光泽。孩子们兴奋地挑选着自己喜欢的小螃蟹、小海螺。

离开海鲜市场后，我们直接前往一家口碑极佳的海鲜餐馆——“海边人家”。这里不仅环境优雅，还能欣赏到远处的大海风光。店内的招牌菜是清蒸带鱼和海鲜粥，每道菜品都是用新鲜食材精心烹饪而成。",1741376903,1741605070,美食攻略
171,84,秦皇岛必吃的海鲜大餐美食,"《秦皇岛必吃的海鲜大餐美食》

亲爱的读者们，当谈到旅行时，食物往往能带给我们最直接的感受与记忆。今天我想为大家推荐一个充满海洋风情的地方——秦皇岛。这里不仅风光旖旎，更以其丰富多样的海鲜美食闻名遐迩。让我们一起踏上一场味蕾之旅吧！

当我们一踏进秦皇岛的怀抱，那清新的海风便迎面而来。沿着海岸线漫步，不时能见到渔民们忙碌的身影，他们手中的渔网捕获了来自大海最纯真的礼物——新鲜的海鲜。

接下来便是品尝这些美味的最佳时机了。推荐您一定要去尝试一下当地的海鲜大餐。在秦皇岛，你可以选择在海边的渔家乐享受一番，那里的菜式丰富多样，无论是清蒸、烧烤还是椒盐，每一种做法都能激发出海鲜最鲜美的味道。特别是海蟹、扇贝和虾类，肉质饱满，口感鲜美。",1742056745,1742363118,美食攻略
172,9,我的秦皇岛自驾体验之旅,"《我的秦皇岛自驾体验之旅》

在这个金秋十月，我带着一家人踏上了前往秦皇岛的自驾之旅。这座海滨城市不仅有着秀美的海景，还有许多适合全家游玩的地方，成为我们这次旅行的理想选择。

一踏入秦皇岛市区，我们就被沿途那些色彩斑斓、形态各异的住宅楼所吸引。但更让我们惊喜的是海边那辽阔无垠的大海。在这里可以看见大海最真实的一面：蓝得深邃、静得让人屏息。为了更加亲近大海，我们选择了去北戴河海洋公园游玩。一进入公园，便能听到海水拍打海岸的声音，清新的海风迎面拂来，令人心旷神怡。

在海中漫步之后，我们来到了野生动物园，这里的动物种类繁多、形态各异，不仅有老虎、狮子等大型猛兽，还有猴子、骆驼等小动物。园区还为游客提供了多种互动体验项目，如亲手喂食小动物，近距离接触它们。这些活动既让孩子们增长了见识，也增加了与父母的相处时间。",1742151100,1742568682,旅行日记
173,5,记录秦皇岛的日出观赏,"《记录秦皇岛的日出观赏》

清晨，当第一缕阳光穿透薄雾，照亮了海平线的那一抹红晕，我们全家一起踏上了去秦皇岛的旅程。这次旅行的目的地是北戴河，那里不仅有美丽的海滩，还有壮观的日出景色。

抵达目的地后，我们先来到了鸽子窝公园，这里被誉为观赏日出的最佳地点之一。清晨，天边开始泛起鱼肚白，空气中弥漫着海水特有的清新味道。在等待日出的间隙，孩子们兴奋地追逐嬉戏于沙滩上；家长们则悠闲地散步或拍照留念。

随着时间的推移，东方渐渐亮了起来。突然间，一个金色的火球从海平线上升起，将整个天空染成了金黄色。那一刻，我仿佛能感受到大自然的力量和生命的奇迹。我们全家都停下了脚步，静静地享受着这一刻的美好。海风拂面，带着凉爽与咸味，让人感到十分惬意。

观赏完日出后，我们还参观了附近的老虎石公园，并品尝了当地的海鲜美食。",1740657498,1740737649,旅行日记
174,93,秦皇岛的采摘体验家庭游,"《秦皇岛的采摘体验家庭游》

金秋十月，我和家人驱车来到了闻名遐迩的秦皇岛。这里不仅有美丽的海滨风光，还有丰富的农业体验项目。我们参加了一次采摘之旅，在大自然中享受了愉悦的家庭时光。

一走进采摘园，就感受到了秋天丰收的气息。空气中弥漫着果实成熟的香味，仿佛能闻到秋天的味道。我们迫不及待地拿起篮子，向果园深处走去。首先映入眼帘的是满树的苹果，红彤彤的一片，让人垂涎欲滴。工作人员告诉我们，这里种植的是绿色无公害水果，每一颗都经过精心照料，自然成熟。孩子们兴奋地挑选着自己最喜欢的果实，脸上洋溢着收获的喜悦。

紧接着我们又来到葡萄园里，这里品种多样，有巨峰、美人指等，紫色的葡萄如一串串珍珠般挂在藤蔓之间，非常诱人。在工作人员的指导下，全家一起动手采摘新鲜的葡萄。",1741154269,1741161105,家庭游玩
175,29,感受秦皇岛的历史遗迹魅力,"《感受秦皇岛的历史遗迹魅力——一场家庭的文化探索之旅》

初秋的阳光洒在北戴河金黄色的沙滩上，我带着家人来到了这座充满历史底蕴的城市。这次旅行的主题是“文化探索”，我们计划走访几处著名的景点，追寻这里的古老故事。

首站是北戴河联峰山公园，这里不仅风景如画，更有着悠久的历史。登上山顶，眼前的景色令人心旷神怡，仿佛能够穿越时空，触摸到那遥远的过去。我们参观了始建于明代的观澜阁，了解这座古建筑背后的传奇故事。孩子们在讲解员生动的讲述中，对历史产生了浓厚的兴趣。

接着，我们来到了鸽子窝公园，这里以“万鸟园”著称，每年都会吸引大量游客前来赏鸟。不仅如此，在这里还能了解到秦皇岛的历史变迁和文化发展脉络。沿着石板小路漫步，仿佛走进了一段悠长的时光隧道。

最后，我们来到了位于市区的文化宫广场。",1740463512,1740856158,文化探索
176,70,秦皇岛的凉爽体验体验,"《秦皇岛的凉爽体验——一个家庭游玩的好去处》

在这个炎热的夏季，我选择了一个清凉的地方——秦皇岛。作为中国著名的避暑胜地之一，这里不仅有美丽的海景，还有丰富的户外活动，非常适合带孩子和家人来度过一个愉快的假期。

一踏入北戴河新区，清新的空气立即扑面而来，凉爽的海风带着海水的味道迎面吹来。在鸽子窝公园里，孩子们可以尽情奔跑于绿树成荫的小径间，在沙堆上挖掘宝藏，或是放飞手中的风筝，享受着无忧无虑的乐趣。

来到海滩边，沙滩绵延不绝，细腻柔软的沙粒让人感觉仿佛踏上了云端。我们全家人在金色的沙滩上建起了我们的小城堡，用五彩斑斓的贝壳、海螺装点，与孩子们一起度过了一个难忘的家庭时光。当然，冲浪和游泳也是不可错过的体验项目，在专业人士的带领下，即使是初学者也能轻松地享受在波涛中畅游的乐趣。",1741392578,1741741402,避暑胜地
177,85,如何品尝秦皇岛的螃蟹盛宴,"《如何品尝秦皇岛的螃蟹盛宴》

在金秋十月，当一片片橙黄的树叶在风中舞动时，我踏上了去往秦皇岛的旅程。这里不仅有碧海蓝天、金色沙滩，更有满城飘香的美食，尤其是那令人垂涎三尺的螃蟹盛宴。

一到秦皇岛，便被这里的自然风光所吸引。碣石山下的海水清澈见底，远处的渔船点点，近处的海岸线绵延不绝。但我的目的地是海滨小镇——北戴河，这里不仅环境优美，还是品尝海鲜的最佳场所之一。

我和家人选择了一家临海而建的小餐馆作为我们的第一站。刚坐下，热情的服务员便端上了几盘新鲜的螃蟹：清蒸蟹、蒜蓉炒蟹腿……这些鲜美无比的菜肴让人垂涎三尺。清蒸蟹保留了螃蟹最原始的味道，淡淡的蒜香中夹杂着海水的气息；而蒜蓉炒蟹腿则更加入味，辣而不燥，鲜甜十足。

在品尝美食的同时，我们还体验了当地渔民亲手捕捞海鲜的乐趣。",1741567199,1741882227,美食攻略
178,49,如何品尝秦皇岛的海鲜大餐,"《如何品尝秦皇岛的海鲜大餐》

在这个秋高气爽的日子里，我们一行人来到了美丽的海滨城市——秦皇岛。这次旅行的目的很简单：尝遍这里的海鲜盛宴。从酒店出发，穿过海边的长廊，第一站就是著名的“老龙头”景区。虽然主要以历史遗迹著称，但在这里漫步，还能远眺大海，感受海风拂面。

午后，我们直奔位于北戴河新区的“印象·金山岭”。这里不仅有精美的海鲜大餐等你品尝，还有各式各样的娱乐项目可以体验。孩子们在海滩上尽情玩耍，家长们则坐在海边，等待着美味的到来。

终于到了晚餐时间，餐厅已经座无虚席。一走进去就能闻到一股浓郁的海味。桌上铺满了各式各样的海鲜：刚刚捕捞上来的皮皮虾、肥美的扇贝、新鲜的生蚝……每一道菜都让人垂涎三尺。在服务员的热情介绍下，我们尝试了餐厅推荐的经典组合——“海鲜锅”。",1742045170,1742259901,美食攻略
179,74,秦皇岛一日游：体验长城文化,"《秦皇岛一日游：体验长城文化》

春日的阳光如同金色的丝线，轻轻撒在了海之边。带着家人来到秦皇岛，我们首先来到了著名的山海关。这座位于河北省东北部的城市，不仅拥有壮美的海岸线，还因为其历史遗迹和文化底蕴而成为旅游胜地。

山海关是中国明长城的起点，也是古代“关隘”的重要象征之一。站在城楼上，眺望远处蜿蜒起伏的长城，感受着风中的历史气息，仿佛能听到千百年前的马蹄声回荡在耳边。我们沿着城墙步行了一段，每一步都踏在这承载着厚重历史的土地上，让人不禁对那些曾经守护这片土地的人们充满敬意。

除了观赏长城外，还特意安排了参观了老龙头景区。这里是明代万里长城东端入海的地方，保留了许多古代建筑和文物遗址，其中“澄海楼”更是古色古香，给人以穿越时空之感。",1742419180,1742466962,历史遗迹
180,11,秦皇岛的鸽子窝日出自然风光,"《秦皇岛的鸽子窝日出自然风光》

清晨的第一缕阳光轻抚着大地，我们一行人踏上了前往秦皇岛鸽子窝的日出之旅。这里不仅是一处观赏日出的理想之地，更是大自然赠予的天然画卷。

沿着蜿蜒的小路缓缓前行，两侧是郁郁葱葱的植被，偶尔能听到鸟鸣声与虫鸣交织成一首自然之歌。终于到达了观景台，只见海平线渐渐泛起了鱼肚白，太阳仿佛被巨大的手轻轻推动，从地平线的一端跃起，金色的光芒迅速蔓延开来，将整个天空染成了醉人的金黄色。这一刻，时间似乎在这一刻静止了。

除了壮观的日出景象，鸽子窝还有丰富的自然风光等你探索。这里是摄影爱好者的天堂，无论是清晨的第一缕阳光还是傍晚的落日余晖，都能在这里捕捉到大自然最真实的一面。此外，还可以参观当地的海鲜市场，品尝新鲜捕捞上来的海鲜，体验地道的渔家风情。",1742322938,1742488542,自然风光
181,41,秦皇岛一日游：体验天下第一关,"《秦皇岛一日游：体验天下第一关》

今天，我们来到了位于河北省秦皇岛市山海关区的天下第一关。这里不仅是一个旅游胜地，更是中国历史文化的缩影，充满了浓厚的历史韵味。

一踏入景区，就能感受到浓厚的文化氛围。作为明代长城的重要组成部分，“天下第一关”四个大字在阳光下熠熠生辉，气势恢宏。站在城楼下仰望，仿佛能听到历史的回响。这里的长城建筑结构独特、保存完整，让人不禁对古代工匠的智慧啧啧称奇。

游览过程中，我们还体验了爬长城的乐趣。尽管有些蜿蜒曲折，但沿途风景如画，从山巅眺望远方，海天一色，心旷神怡。更有专门的导游为我们讲解历史故事和长城文化，让我们在享受自然美景的同时也能增长知识。

除了欣赏壮丽景色外，“天下第一关”还特别设置了丰富的互动体验活动。",1742261382,1742409693,历史遗迹
182,52,秦皇岛自驾体验旅行日记,"《秦皇岛自驾体验旅行日记》

在这个秋高气爽的日子里，我和家人一起踏上了一段难忘的自驾之旅——秦皇岛。作为中国的海滨城市之一，秦皇岛不仅以其美丽的海岸线闻名，而且还有丰富的自然景观和人文景点等待着我们去探索。

当我们驱车驶入这座城市时，第一眼便被它那湛蓝的大海所吸引。沿着滨海大道一路前行，两边是绵延不绝的沙滩与波涛汹涌的海浪，令人心旷神怡。最不能错过的便是鸽子窝公园了，在这里，我们不仅可以漫步在沙滩上，还可以近距离观看那些翩翩起舞的海鸥。更令人惊喜的是，这里的晚霞尤为美丽，每当太阳落山，天空被染成一片橙红色，整个海滩都被笼罩在这温暖而宁静的氛围之中。

当然，除了自然风光外，秦皇岛还有很多值得一游的地方。比如北戴河老龙头景区，这里作为明代长城的东部终点站，不仅拥有丰富的历史人文景观，还有壮丽的海景。",1742424836,1742679780,旅行日记
183,26,秦皇岛螃蟹盛宴美食攻略,"《秦皇岛螃蟹盛宴美食攻略》

初秋时节，我和家人来到了被誉为“东方夏威夷”的秦皇岛。这座城市不仅风景如画，而且美食丰富，尤其是那让人垂涎欲滴的蟹宴，更是让人大呼过瘾。

我们首先来到的是金海湾景区，这里不仅有蓝天碧海，还有美味的海鲜市场。在这里，你可以挑选最新鲜的食材，而最让我们兴奋的则是当地的螃蟹宴。我们品尝了清蒸、油爆、麻辣等多种做法的螃蟹，每一种都有独特的风味。尤其是那油爆蟹腿，外酥里嫩，香辣入味，让人一尝难忘。

接下来是北戴河新区的海鲜广场，这里不仅有新鲜的海产品，还有各种特色的美食小摊。我们品尝了各种特色小吃，比如海肠煎饼、烤鱼等，每一种都色香味俱全，让我们大快朵颐。此外，还有许多特色餐馆提供美味佳肴，如炸虾球、炒海螺肉、海鲜火锅等等。

除了品尝美食外，秦皇岛还有许多适合家庭游客的活动。",1742566058,1742711102,美食攻略
184,13,秦皇岛凉爽体验避暑攻略,"《秦皇岛凉爽体验避暑攻略》

炎炎夏日，秦皇岛成为了理想的家庭度假圣地。这里不仅有着美丽的海滨风光，还有丰富的户外活动与独特的文化体验。让我们一起探索这个夏日清凉之地。

一踏入秦皇岛，便能感受到清新的海风扑面而来。在北戴河景区，碧蓝的海水与金黄色的沙滩交相辉映，构成了一幅绝美的画卷。这里不仅适合全家老少戏水、拾贝，还设有专门儿童游乐区，让小朋友们尽情玩耍。

夏日傍晚，不妨去“爱情之路”漫步。这条被情侣们称为“浪漫之街”的道路两旁种满了鲜花绿树，夜幕降临后，在五彩斑斓的灯光映衬下更加迷人，成为拍照留念的最佳地点。

当然，秦皇岛不仅仅局限于海岸线上的乐趣。驱车前往山海关景区，体验长城的历史文化之旅，感受古战场的雄伟与苍凉，再登上老龙头，让海风拂面，享受宁静而壮阔的自然美景。",1741216809,1741299555,避暑胜地
185,29,秦皇岛的古城风貌文化,"《秦皇岛的古城风貌文化——探寻历史遗迹的魅力》

初冬时分，我们一行人踏上了一段穿越时光之旅。目的地是位于河北省东北部的秦皇岛市，这座拥有悠久历史的城市，不仅有现代化的城市景观，还有着丰富的历史文化遗产。

一踏入老城区，仿佛进入了一个古色古香的世界。我们首先参观了北戴河区的“秦皇行宫”，它坐落在一个宁静而美丽的小山丘上，四周绿树环绕，清幽静谧。这座建筑群由多个宫殿组成，每一座都承载着厚重的历史故事。站在高处远眺，可以看到远处海天一色的壮观景象，让人不禁感叹古代帝王的雄心壮志。

接着我们前往了“镇海楼”，这是秦皇岛市内一处保存完好的古迹，作为一座城楼，它不仅承担着防御的功能，更成为了城市文化的象征。登上镇海楼，可以俯瞰整个市区的全貌，感受历史与现代交融的独特魅力。",1742674214,1743044306,历史遗迹
186,28,秦皇岛碣石山景点推荐,"《秦皇岛碣石山景点推荐》

在秦皇岛这座海滨城市中，有一处静谧而壮丽的地方等待着您的探索——碣石山。作为一处融山水、人文于一身的自然景观，这里不仅有美丽的风景，更有丰富的文化内涵和亲子活动，非常适合举家共游。

一踏入碣石山景区，首先映入眼帘的是那连绵起伏的山峦和郁郁葱葱的植被，仿佛置身于一片世外桃源。登上山顶，极目远眺，北戴河的碧海蓝天一览无余，让人不禁心旷神怡。沿着蜿蜒的小径漫步，空气里弥漫着清新的花香与草木的气息，每一次深呼吸都让人心情舒畅。

在碣石山，不仅有自然风光可以欣赏，还有各种各样的亲子活动等待您的参与。您可以和家人一起攀登山峦，体验挑战自我的乐趣；或是选择乘坐缆车，从高空俯瞰美景；甚至还可以在这里租借自行车，骑行在林间小道上，享受与大自然亲密接触的乐趣。",1742195609,1742306807,景点推荐
187,57,秦皇岛渔岛美景风光攻略,"《秦皇岛渔岛美景风光攻略》

今年暑假，我和家人一起去了秦皇岛渔岛。这是一个集观光、休闲为一体的旅游胜地，有着得天独厚的海岸线资源。这里不仅有湛蓝的大海、金黄的沙滩，还有丰富的海洋生物和独特的地质景观。

一踏入渔岛，最引人注目的就是那片绵延数里的金色沙滩了。在阳光下，沙粒闪烁着微光，细腻柔软。我们赤脚走在上面，感受着海风轻抚过皮肤的感觉，无比惬意。孩子们兴奋地追逐嬉戏，大人们则悠闲地打着沙滩排球。

最让我难忘的是乘坐快艇出海。坐在船头吹着海风，欣赏着浩瀚无垠的大海景色。远处的渔船、近处的海鸥盘旋，还有偶尔跃起的鱼群，在水面上划过一道道美丽的弧线。海面波光粼粼，金碧辉煌，如同一幅流动的画卷。

当然，不能错过的还有沙滩上的各种活动。比如可以体验一下冲浪板冲浪的乐趣；或者乘坐快艇出海垂钓，感受来自大海的馈赠。",1742683112,1742856965,自然风光
188,19,秦皇岛的老龙头入海文化,"《秦皇岛的老龙头入海文化》

初夏的一天，我和家人踏上了一段寻找历史遗韵的旅程——秦皇岛的老龙头。这里不仅有雄伟壮观的历史遗迹，更有丰富的文化体验活动等待着我们。

一踏入老龙头景区，就被其古朴厚重的气息所吸引。站在山门前，向远处望去，巍峨的长城仿佛与大海融为一体，让人不禁感叹于古代匠人的智慧和勇气。走进景区，首先映入眼帘的是镇海楼，它不仅是一座防御性的建筑，更是整个老龙头的重要象征。我们登上城楼，俯瞰着波涛汹涌的大海与绵延不绝的长城，仿佛穿越回了那个英雄辈出的时代。

随后，我们沿着蜿蜒曲折的步行道向海边走去，一路上，不仅可以观赏到风景如画的海岸线，还能体验各种互动项目，比如亲手制作沙雕、探索海底世界等。这些活动不仅让孩子们乐在其中，也让大人找回了童年的乐趣。",1740361851,1740647181,历史遗迹
189,86,秦皇岛必吃的海鲜市场美食,"《秦皇岛必吃的海鲜市场美食》

初到秦皇岛，被这座海滨城市的美景深深吸引。尤其是那个位于市中心附近的海鲜市场，更是让人难以忘怀。这里不仅是一个买海鲜的地方，更是一处美食爱好者的天堂。

一走进市场，便能感受到浓浓的海味气息。新鲜的鱼类、贝类摆满了摊位，琳琅满目，让人眼花缭乱。在这里，你可以亲手挑选活蹦乱跳的大虾、色彩斑斓的海鱼以及各种海螺，甚至还有肥美的扇贝和诱人的海参。这些海鲜全部来自附近的海域，保证了新鲜度与口感。

最吸引人的莫过于现场烹饪的美食摊位。厨师们在大锅前挥汗如雨，将刚刚从海里捞出的新鲜食材烹制成一道道美味佳肴。烤鱼、清蒸扇贝、蒜蓉炒虾……每一种都是色香味俱全，让人垂涎三尺。尤其是那股扑鼻而来的海鲜香气，更是勾起了我的食欲。",1741534363,1741646008,美食攻略
190,83,秦皇岛一日游：体验文化遗产,"《秦皇岛一日游：体验文化遗产》

清晨的第一缕阳光照耀在北戴河新区的沙滩上，我带着家人踏上了一日游的旅程。我们的目的地是位于河北省秦皇岛市的老龙头景区，一个充满历史韵味的地方。

一进入老龙头景区，首先映入眼帘的是壮观的明长城遗址。这段长城依山傍海而建，历经数百年风雨洗礼依然坚挺。孩子们兴奋地在古老的城墙上奔跑跳跃，仿佛是在和祖先对话。我则站在观景台上俯瞰，那大海与天空交织而成的画面让人顿感胸襟开阔。

接着我们来到了海边，这里保留着明朝时期的炮台遗址，虽然岁月已经将它侵蚀得面目全非，但依旧能感受到当年海防的森严。在这里，孩子们拿起沙子，堆砌自己的小长城，大人们则静静享受着海风拂面带来的惬意。

午餐在附近的小吃街解决，这里的海鲜新鲜美味，特别是烤鱼和烤虾，更是让人回味无穷。",1741670402,1741814939,历史遗迹
191,29,秦皇岛的海上运动海滨体验,"《秦皇岛的海上运动海滨体验》

阳光正好，微风不燥。在这个充满活力的周末，我们一家来到了位于河北省东部的海滨城市——秦皇岛。这里不仅有金色的沙滩、碧蓝的海水，还有丰富多彩的水上活动，让人流连忘返。

一踏入北戴河新区，首先映入眼帘的是干净整洁的海岸线和绵延不绝的沙地。沿着滨海大道漫步，海风带着淡淡的咸味扑面而来，令人心旷神怡。最吸引我们的一站是黄金海岸。这里有着细软如丝的沙滩，浅水区适合全家一起嬉戏玩耍。孩子们在沙滩上堆起沙堡，爸爸则拿起冲浪板，在波涛中体验速度与激情。

当然，除了海滩，还有不少有趣的水上项目等待着大家去尝试。我们尝试了风帆冲浪和摩托艇，在教练的指导下驾驭着风帆冲浪板，在海面上尽情驰骋；乘坐摩托艇在海浪间穿梭，感受疾风破浪的快感。",1741100900,1741275836,海滨体验
192,65,如何品尝秦皇岛的海胆炒饭,"《如何品尝秦皇岛的海胆炒饭》

在北方的海滨城市——秦皇岛，一场关于味蕾的旅行悄然展开。作为一位热爱探索美食的家庭游客，我们被一种名为“海胆炒饭”的美味所吸引，决定来一次难忘的海鲜之旅。

到达秦皇岛后，第一站我们直奔金海渔港，这里不仅风景如画，而且是品尝正宗海胆炒饭的最佳地点之一。当夕阳西下，金色的余晖洒在波光粼粼的海面上，我们的心也随之兴奋起来。金黄的蛋丝、饱满的海胆，还有粒粒分明的米饭，一上桌就散发着诱人的香气。

坐在靠窗的位置，一边品尝着鲜美的海胆炒饭，一边欣赏远处的壮阔景色。海风轻拂过脸颊，带来丝丝凉意，更添几分清新。每一口海胆炒饭都是海的味道、家的温馨，让人感到无比满足与幸福。

除了海胆炒饭，金海渔港还提供多种海鲜佳肴，如清蒸大虾、鲜美鱼汤等，让人大快朵颐。",1740454578,1740701615,美食攻略
193,78,如何在秦皇岛度过一个凉爽体验假期,"《如何在秦皇岛度过一个凉爽体验假期》

炎炎夏日，想逃离城市的喧嚣寻找一片静谧清凉之地吗？不妨来秦皇岛享受一次难忘的避暑之旅吧！这里不仅有着绵延的海岸线、碧海蓝天，还汇聚了众多适合家庭游玩的景点和活动。

出发的第一站是北戴河。作为著名的海滨度假区之一，北戴河拥有长达几十公里的金色沙滩，海水清澈见底。在这里，全家可以尽情地在海滩上享受阳光浴，或者租一艘小船出海垂钓，体验一下与鱼儿亲密接触的乐趣。同时，北戴河还有多个美丽的公园和景点，如鸽子窝公园、联峰山等，可以漫步其中感受自然风光的宁静美好。

当然，除了这些常规项目外，秦皇岛还为游客提供了许多特色活动。比如去海港区的阿那亚小镇探索一番，这个集艺术、电影、音乐和生活于一体的创意之地，不仅能够欣赏到别样的建筑美学，还能参加各种文化体验活动。",1740601396,1740775532,避暑胜地
194,6,探秘秦皇岛的明代遗迹历史,"《探秘秦皇岛的明代遗迹历史》

在夏日的微风中，我和家人踏上了一段探秘之旅——探访位于河北省秦皇岛市的历史遗迹。这里不仅有着壮丽的海岸线，还保存着许多具有明代特色的古迹，让我们仿佛穿越回了那个充满英雄气概的时代。

我们的第一站是老龙头长城，这里是明长城的起点。站在海边高处望去，古老的城墙与波涛汹涌的大海交相辉映，构成了一幅壮丽的画面。沿着蜿蜒曲折的台阶下到海边，可以触摸到历经风雨侵蚀的城砖，感受那份沧桑。在这里我们还体验了滑沙活动，在专业教练的指导下，乘坐特制的小车沿着沙丘急速而下，那种速度与激情让人心潮澎湃。

随后，我们又参观了青龙山炮台遗址。这座炮台是明代抗倭战场上的重要防御工事之一，如今虽然已不再有硝烟弥漫，但依旧能够感受到当年战鼓的激昂和将士们的英勇。爬上海拔较高的炮位，可以将周边景色尽收眼底。",1742544154,1742793332,历史遗迹
195,9,秦皇岛山海关古道自驾体验,"《秦皇岛山海关古道自驾体验》

初夏时分，我们一家三口踏上了自驾前往秦皇岛山海关古道的旅程。在这片充满历史韵味的土地上，我和孩子仿佛回到了那个刀光剑影的时代。

驱车约两小时后，我们抵达了山海关景区。这里不仅有着保存完好的关城遗址，还保留着一段条石铺就的历史古道。步行在这条蜿蜒曲折、历经沧桑的古道上，可以感受到那份厚重的文化气息和浓厚的人文氛围。沿途有各种传统建筑点缀其间，让人仿佛穿越回那个烽火连天的时代。

值得一提的是，在景区里还有许多适合家庭游客参与的活动项目。比如，我们参加了一次趣味盎然的手工制作体验——用泥巴捏制小动物模型；另外还有一处儿童乐园，设有滑梯、秋千等设施供孩子们尽情玩耍。这些有趣的互动体验让我们全家人都乐在其中。",1742576826,1742964187,自驾游攻略
196,83,记录秦皇岛的古城探秘,"《记录秦皇岛的古城探秘》

初夏的微风吹拂着秦皇岛的每一寸土地，我带着全家人的期待，踏入了这座古老而又现代的城市。这次旅行的目的地——秦皇岛老城区，不仅是一次探索历史的机会，更是一场家庭共度的美好时光。

走进老城区的大门，仿佛穿越到了一个充满故事的世界。我们首先来到了“抚宁古街”，这里保留着许多明清时期的建筑风格，青砖灰瓦、雕梁画栋，每一砖一瓦都在诉说着这座城市的历史故事。漫步在狭窄的石板路上，不时可以看到手工艺人展示传统技艺，孩子们的好奇心被点燃了，他们兴奋地围着那些精美的工艺品，甚至想要亲手尝试制作一件小物件。

接着我们来到了“老城遗址公园”，这里不仅展示了秦皇岛从古至今的发展历程，还设置了多个互动体验区，如模拟古代战场、穿越时空隧道等。孩子们在这些有趣的项目中尽情玩耍，笑声不断。",1742664471,1743026990,旅行日记
197,13,秦皇岛停车指南自驾游攻略,"《秦皇岛停车指南自驾游攻略》

初春时节，带着家人开启一场说走就走的自驾之旅。目的地是素有“东方夏威夷”美誉的河北省秦皇岛市。这里不仅拥有美丽的海岸线，还有着丰富的旅游景点和活动。为了帮助大家更方便地游览，特此分享一份停车指南。

首先，我们选择了鸽子窝公园作为第一站。这里是拍照打卡的好地方，尤其是在傍晚时分，落日余晖与海滩相互映衬，美不胜收。根据经验，在公园门口附近的停车场可以免费停放车辆，但需要注意的是，节假日可能会有收费。

随后驱车前往老龙头景区。这里有中国长城的东部起点——山海关城楼以及古老的海防设施，是了解中国古代防御工程的好去处。园区内设有充足的停车位，游客可以在游览后轻松停车。

最后来到南戴河海滩度假区，这里既有沙滩排球、摩托艇等刺激项目，也有适合全家人戏水的区域。",1742268779,1742348922,自驾游攻略
198,7,如何在秦皇岛度过一个夏日乐趣假期,"《如何在秦皇岛度过一个夏日乐趣假期》

初夏时节，来到秦皇岛，就像步入了一个五彩斑斓的世界。作为中国著名的避暑胜地之一，这里不仅风景如画，还有着丰富多样的休闲活动等待着大家的探索。

一走进北戴河新区，那满眼的绿意和海边的清风便会瞬间让人感到心旷神怡。海天相接处波光粼粼，仿佛是大自然最美丽的调色盘。沿着海岸线前行，你会被一片片金黄色的沙滩所吸引。夏日里踏着细软的沙子，感受着海水轻柔地拍打着脚踝，别提有多惬意了。

说到秦皇岛的必去之地，非南戴河的野生动物园莫属。这里有成群的羊驼、慵懒的大熊猫，还有憨态可掬的小浣熊等众多可爱的动物。孩子们可以在这里近距离接触大自然中的小生灵，在欢声笑语中度过一个难忘的假期。同时，园区内还设有各种有趣的互动体验项目，如喂食、拍照留念等，大人小孩都能找到属于自己的乐趣。",1742686835,1743108511,避暑胜地
199,84,秦皇岛沿海公路自驾体验,"《秦皇岛沿海公路自驾体验》

今年夏天，我和家人选择了一次自驾游，目标是被誉为“东方夏威夷”的秦皇岛。我们选择了沿海公路这条风景优美的路线，不仅欣赏了壮丽的海岸线，还体验了许多有趣的活动。

沿海公路上分布着多个著名景点，如南戴河海滩、北戴河海滨浴场等。其中，我们特别推荐的是山海关景区。这里不仅有明代长城的雄伟壮观，还有关城的历史底蕴，非常适合全家一起探索。夜晚时分，海风轻拂，满天星辰与灯光交织成一幅绝美的画卷。

除了参观古迹，我们还体验了海上运动——帆船出海。乘着帆船在蔚蓝的大海上航行，迎面吹来的海风、远处的群山以及身旁悠闲游弋的海鸥都令人心旷神怡。此外，海滩上丰富的娱乐项目也是家庭游客不可错过的乐趣之一，比如沙雕艺术节和沙滩足球赛等。",1742530214,1742920163,自驾游攻略
200,55,感受秦皇岛的秦始皇东巡魅力,"《感受秦皇岛的秦始皇东巡魅力》

在炎炎夏日中，我们一家来到了闻名遐迩的历史名城——秦皇岛。这座城市不仅有美丽的海滨风光，更有深厚的文化底蕴。特别是秦始皇东巡遗址，更是让我们感受到了中国古代帝王的伟大与神秘。

当我们踏上这片土地时，首先映入眼帘的是秦行宫的古朴建筑。这些古老的遗迹仿佛在向我们诉说着两千多年前的历史故事。沿着蜿蜒的小道前行，我们来到了著名的碣石山。这里不仅风景秀丽，而且是秦始皇东巡的重要站点之一。站在山顶，望着远处一望无际的大海，不禁让人感叹秦始皇的伟大。

除了游览遗址外，我们还参加了由当地导游组织的文化体验活动。在导游的介绍下，我们了解了许多关于秦始皇东巡的故事和历史背景。此外，在导游的带领下，我们在海边亲手制作了陶俑模型，感受古人精湛的手工技艺。",1741036894,1741346789,文化探索
